-- phpMyAdmin SQL Dump
-- version 5.2.1
-- https://www.phpmyadmin.net/
--
-- Host: localhost
-- Generation Time: Jun 30, 2025 at 04:55 PM
-- Server version: 10.4.32-MariaDB
-- PHP Version: 8.0.30

SET SQL_MODE = "NO_AUTO_VALUE_ON_ZERO";
START TRANSACTION;
SET time_zone = "+00:00";


/*!40101 SET @OLD_CHARACTER_SET_CLIENT=@@CHARACTER_SET_CLIENT */;
/*!40101 SET @OLD_CHARACTER_SET_RESULTS=@@CHARACTER_SET_RESULTS */;
/*!40101 SET @OLD_COLLATION_CONNECTION=@@COLLATION_CONNECTION */;
/*!40101 SET NAMES utf8mb4 */;

--
-- Database: `mzuzu_university_weekend_timetabling_system`
--

-- --------------------------------------------------------

--
-- Table structure for table `allocation_programme`
--

CREATE TABLE `allocation_programme` (
  `id` bigint(20) UNSIGNED NOT NULL,
  `allocation_id` bigint(20) UNSIGNED NOT NULL,
  `programme_id` bigint(20) UNSIGNED NOT NULL,
  `created_at` timestamp NULL DEFAULT NULL,
  `updated_at` timestamp NULL DEFAULT NULL
) ENGINE=InnoDB DEFAULT CHARSET=utf8mb4 COLLATE=utf8mb4_unicode_ci;

--
-- Dumping data for table `allocation_programme`
--

INSERT INTO `allocation_programme` (`id`, `allocation_id`, `programme_id`, `created_at`, `updated_at`) VALUES
(9, 5, 2, NULL, NULL),
(10, 5, 1, NULL, NULL),
(11, 5, 3, NULL, NULL),
(12, 6, 1, NULL, NULL),
(13, 6, 2, NULL, NULL),
(14, 6, 3, NULL, NULL),
(15, 7, 1, NULL, NULL),
(16, 7, 2, NULL, NULL),
(17, 7, 3, NULL, NULL),
(18, 8, 2, NULL, NULL),
(19, 9, 1, NULL, NULL),
(20, 9, 2, NULL, NULL),
(21, 10, 1, NULL, NULL),
(22, 11, 1, NULL, NULL),
(23, 11, 2, NULL, NULL),
(24, 12, 1, NULL, NULL),
(25, 13, 1, NULL, NULL),
(26, 13, 3, NULL, NULL),
(27, 14, 1, NULL, NULL),
(28, 14, 3, NULL, NULL),
(29, 15, 1, NULL, NULL),
(30, 15, 3, NULL, NULL),
(31, 16, 1, NULL, NULL),
(32, 16, 3, NULL, NULL),
(33, 17, 1, NULL, NULL),
(34, 17, 3, NULL, NULL),
(35, 18, 1, NULL, NULL),
(36, 18, 3, NULL, NULL),
(37, 19, 3, NULL, NULL),
(38, 20, 3, NULL, NULL),
(39, 21, 3, NULL, NULL);

-- --------------------------------------------------------

--
-- Table structure for table `cache`
--

CREATE TABLE `cache` (
  `key` varchar(255) NOT NULL,
  `value` mediumtext NOT NULL,
  `expiration` int(11) NOT NULL
) ENGINE=InnoDB DEFAULT CHARSET=utf8mb4 COLLATE=utf8mb4_unicode_ci;

--
-- Dumping data for table `cache`
--

INSERT INTO `cache` (`key`, `value`, `expiration`) VALUES
('mzuzu_university_ict_weekend_timetabling_system_cache_schedule_generation_progress', 'a:6:{s:10:\"generation\";i:162;s:7:\"fitness\";d:0.5;s:21:\"num_of_hard_conflicts\";d:1;s:21:\"num_of_soft_conflicts\";i:0;s:8:\"progress\";d:32.4;s:6:\"isDone\";b:0;}', 2066655298);

-- --------------------------------------------------------

--
-- Table structure for table `cache_locks`
--

CREATE TABLE `cache_locks` (
  `key` varchar(255) NOT NULL,
  `owner` varchar(255) NOT NULL,
  `expiration` int(11) NOT NULL
) ENGINE=InnoDB DEFAULT CHARSET=utf8mb4 COLLATE=utf8mb4_unicode_ci;

-- --------------------------------------------------------

--
-- Table structure for table `constraints`
--

CREATE TABLE `constraints` (
  `id` bigint(20) UNSIGNED NOT NULL,
  `type` varchar(255) NOT NULL,
  `day` varchar(255) NOT NULL,
  `start_time` time NOT NULL,
  `end_time` time NOT NULL,
  `is_hard` tinyint(1) NOT NULL,
  `constraintable_id` bigint(20) UNSIGNED NOT NULL,
  `constraintable_type` varchar(255) NOT NULL,
  `created_at` timestamp NULL DEFAULT NULL,
  `updated_at` timestamp NULL DEFAULT NULL
) ENGINE=InnoDB DEFAULT CHARSET=utf8mb4 COLLATE=utf8mb4_unicode_ci;

--
-- Dumping data for table `constraints`
--

INSERT INTO `constraints` (`id`, `type`, `day`, `start_time`, `end_time`, `is_hard`, `constraintable_id`, `constraintable_type`, `created_at`, `updated_at`) VALUES
(12, 'unavailable', 'Saturday', '07:00:00', '18:00:00', 1, 11, 'App\\Models\\Lecturer', '2025-06-30 12:25:22', '2025-06-30 12:25:22');

-- --------------------------------------------------------

--
-- Table structure for table `courses`
--

CREATE TABLE `courses` (
  `id` bigint(20) UNSIGNED NOT NULL,
  `code` varchar(255) NOT NULL,
  `name` varchar(255) NOT NULL,
  `num_of_students` int(11) NOT NULL,
  `lecture_hours` varchar(255) NOT NULL,
  `level` int(11) NOT NULL,
  `semester` int(11) NOT NULL,
  `department_id` bigint(20) UNSIGNED NOT NULL,
  `created_at` timestamp NULL DEFAULT NULL,
  `updated_at` timestamp NULL DEFAULT NULL
) ENGINE=InnoDB DEFAULT CHARSET=utf8mb4 COLLATE=utf8mb4_unicode_ci;

--
-- Dumping data for table `courses`
--

INSERT INTO `courses` (`id`, `code`, `name`, `num_of_students`, `lecture_hours`, `level`, `semester`, `department_id`, `created_at`, `updated_at`) VALUES
(13, 'BICT1101', 'End User Computing', 20, '3', 1, 1, 1, '2025-06-30 09:52:54', '2025-06-30 09:52:54'),
(14, 'BICT1102', 'Introduction To Programming With C', 20, '3', 1, 1, 1, '2025-06-30 09:54:25', '2025-06-30 09:54:25'),
(15, 'BICT3504', 'Algorthms and Data Structures With Java', 20, '3', 3, 5, 1, '2025-06-30 09:56:45', '2025-06-30 09:56:45'),
(16, 'COMM1101', 'Communication Studies I', 20, '3', 1, 1, 3, '2025-06-30 09:57:41', '2025-06-30 09:57:41'),
(17, 'MATH1101', 'Pre-calculus', 20, '3', 1, 1, 2, '2025-06-30 09:58:07', '2025-06-30 09:58:07'),
(18, 'BICT2302', 'Programming In Java', 20, '3', 2, 3, 1, '2025-06-30 09:59:45', '2025-06-30 09:59:45'),
(19, 'MATH 2306', 'Linear Algebra', 20, '3', 2, 3, 2, '2025-06-30 10:00:36', '2025-06-30 10:00:36'),
(20, 'BICT2306', 'Data Wrangling and Exploratory Data Analysis', 20, '3', 2, 3, 1, '2025-06-30 10:01:47', '2025-06-30 10:01:47'),
(21, 'BICT2304', 'Computer Networks I', 20, '3', 2, 3, 1, '2025-06-30 10:02:52', '2025-06-30 10:02:52'),
(22, 'BICT2307', 'Introduction to Cloud Computing', 20, '3', 2, 3, 1, '2025-06-30 10:03:58', '2025-06-30 10:03:58'),
(23, 'BICT3505', 'Web Programming', 20, '3', 3, 5, 1, '2025-06-30 10:05:04', '2025-06-30 10:05:04'),
(24, 'STAT3505', 'Stocastic Modelling ', 20, '3', 3, 5, 2, '2025-06-30 10:06:00', '2025-06-30 10:06:00'),
(25, 'BICT3502', 'Research Methods', 20, '3', 3, 5, 1, '2025-06-30 10:06:58', '2025-06-30 10:06:58'),
(26, 'MATH3505', 'Optimization', 20, '3', 3, 5, 2, '2025-06-30 10:07:36', '2025-06-30 10:07:36'),
(27, 'BICT4702', 'Modelling and Simulation', 20, '3', 4, 7, 1, '2025-06-30 10:08:38', '2025-06-30 10:08:38'),
(28, 'BICT4703', 'Network Administration and Information Security', 20, '4', 4, 7, 1, '2025-06-30 10:09:41', '2025-06-30 10:09:41'),
(29, 'BICT4704', 'Enterpreneurship', 20, '3', 4, 7, 1, '2025-06-30 10:11:52', '2025-06-30 10:11:52'),
(30, 'STAT4705', 'Big Data Analytics', 20, '3', 4, 7, 2, '2025-06-30 10:13:08', '2025-06-30 10:13:08'),
(31, 'STAT2301', 'Introduction to Statistical Analysis', 20, '3', 2, 3, 2, '2025-06-30 10:15:44', '2025-06-30 10:15:44'),
(32, 'BICT2401', 'Operating System', 20, '3', 2, 4, 1, '2025-06-30 10:17:34', '2025-06-30 10:17:34'),
(33, 'BICT2307', 'Web Design', 20, '3', 2, 3, 1, '2025-06-30 10:18:26', '2025-06-30 10:18:26'),
(34, 'BICT2403', 'Computer networks II', 20, '3', 2, 4, 1, '2025-06-30 10:20:14', '2025-06-30 10:20:14'),
(35, 'BICT3504', 'Mobile Telecommunication', 20, '3', 3, 5, 1, '2025-06-30 10:21:12', '2025-06-30 10:21:12'),
(36, 'BICT4701', 'Software Engineering', 20, '3', 4, 7, 1, '2025-06-30 10:22:43', '2025-06-30 10:22:43'),
(37, 'BICT1103', 'Computer and Communication Technology', 20, '3', 1, 1, 1, '2025-06-30 12:09:34', '2025-06-30 12:09:34');

-- --------------------------------------------------------

--
-- Table structure for table `departments`
--

CREATE TABLE `departments` (
  `id` bigint(20) UNSIGNED NOT NULL,
  `code` varchar(255) NOT NULL,
  `name` varchar(255) NOT NULL,
  `created_at` timestamp NULL DEFAULT NULL,
  `updated_at` timestamp NULL DEFAULT NULL
) ENGINE=InnoDB DEFAULT CHARSET=utf8mb4 COLLATE=utf8mb4_unicode_ci;

--
-- Dumping data for table `departments`
--

INSERT INTO `departments` (`id`, `code`, `name`, `created_at`, `updated_at`) VALUES
(1, 'ICT', 'Information And Communication Technology', '2025-06-29 12:45:32', '2025-06-30 12:02:52'),
(2, 'MATH', 'Mathematics', '2025-06-29 12:45:32', '2025-06-30 12:03:37'),
(3, 'COMM', 'Communication', '2025-06-29 12:45:32', '2025-06-30 12:03:30');

-- --------------------------------------------------------

--
-- Table structure for table `failed_jobs`
--

CREATE TABLE `failed_jobs` (
  `id` bigint(20) UNSIGNED NOT NULL,
  `uuid` varchar(255) NOT NULL,
  `connection` text NOT NULL,
  `queue` text NOT NULL,
  `payload` longtext NOT NULL,
  `exception` longtext NOT NULL,
  `failed_at` timestamp NOT NULL DEFAULT current_timestamp()
) ENGINE=InnoDB DEFAULT CHARSET=utf8mb4 COLLATE=utf8mb4_unicode_ci;

--
-- Dumping data for table `failed_jobs`
--

INSERT INTO `failed_jobs` (`id`, `uuid`, `connection`, `queue`, `payload`, `exception`, `failed_at`) VALUES
(1, '2f23e695-1e99-4aa2-a885-7857129cd285', 'database', 'default', '{\"uuid\":\"2f23e695-1e99-4aa2-a885-7857129cd285\",\"displayName\":\"App\\\\Notifications\\\\TimetablePublished\",\"job\":\"Illuminate\\\\Queue\\\\CallQueuedHandler@call\",\"maxTries\":null,\"maxExceptions\":null,\"failOnTimeout\":false,\"backoff\":null,\"timeout\":null,\"retryUntil\":null,\"data\":{\"commandName\":\"Illuminate\\\\Notifications\\\\SendQueuedNotifications\",\"command\":\"O:48:\\\"Illuminate\\\\Notifications\\\\SendQueuedNotifications\\\":3:{s:11:\\\"notifiables\\\";O:45:\\\"Illuminate\\\\Contracts\\\\Database\\\\ModelIdentifier\\\":5:{s:5:\\\"class\\\";s:15:\\\"App\\\\Models\\\\User\\\";s:2:\\\"id\\\";a:1:{i:0;i:1;}s:9:\\\"relations\\\";a:0:{}s:10:\\\"connection\\\";s:5:\\\"mysql\\\";s:15:\\\"collectionClass\\\";N;}s:12:\\\"notification\\\";O:36:\\\"App\\\\Notifications\\\\TimetablePublished\\\":2:{s:12:\\\"versionLabel\\\";s:11:\\\"First Draft\\\";s:2:\\\"id\\\";s:36:\\\"8e39bbe0-a0f3-4dbc-af63-788daf68c678\\\";}s:8:\\\"channels\\\";a:1:{i:0;s:4:\\\"mail\\\";}}\"},\"createdAt\":1751293848,\"delay\":null}', 'Symfony\\Component\\Mailer\\Exception\\TransportException: Connection could not be established with host \"127.0.0.1:1025\": stream_socket_client(): Unable to connect to 127.0.0.1:1025 (Connection refused) in /home/caesar/Codelab/Web/WebProgrammingClass/Mzuzu-University-Weekend-Timetabling-System/vendor/symfony/mailer/Transport/Smtp/Stream/SocketStream.php:154\nStack trace:\n#0 [internal function]: Symfony\\Component\\Mailer\\Transport\\Smtp\\Stream\\SocketStream->{closure:Symfony\\Component\\Mailer\\Transport\\Smtp\\Stream\\SocketStream::initialize():153}()\n#1 /home/caesar/Codelab/Web/WebProgrammingClass/Mzuzu-University-Weekend-Timetabling-System/vendor/symfony/mailer/Transport/Smtp/Stream/SocketStream.php(157): stream_socket_client()\n#2 /home/caesar/Codelab/Web/WebProgrammingClass/Mzuzu-University-Weekend-Timetabling-System/vendor/symfony/mailer/Transport/Smtp/SmtpTransport.php(279): Symfony\\Component\\Mailer\\Transport\\Smtp\\Stream\\SocketStream->initialize()\n#3 /home/caesar/Codelab/Web/WebProgrammingClass/Mzuzu-University-Weekend-Timetabling-System/vendor/symfony/mailer/Transport/Smtp/SmtpTransport.php(211): Symfony\\Component\\Mailer\\Transport\\Smtp\\SmtpTransport->start()\n#4 /home/caesar/Codelab/Web/WebProgrammingClass/Mzuzu-University-Weekend-Timetabling-System/vendor/symfony/mailer/Transport/AbstractTransport.php(69): Symfony\\Component\\Mailer\\Transport\\Smtp\\SmtpTransport->doSend()\n#5 /home/caesar/Codelab/Web/WebProgrammingClass/Mzuzu-University-Weekend-Timetabling-System/vendor/symfony/mailer/Transport/Smtp/SmtpTransport.php(138): Symfony\\Component\\Mailer\\Transport\\AbstractTransport->send()\n#6 /home/caesar/Codelab/Web/WebProgrammingClass/Mzuzu-University-Weekend-Timetabling-System/vendor/laravel/framework/src/Illuminate/Mail/Mailer.php(584): Symfony\\Component\\Mailer\\Transport\\Smtp\\SmtpTransport->send()\n#7 /home/caesar/Codelab/Web/WebProgrammingClass/Mzuzu-University-Weekend-Timetabling-System/vendor/laravel/framework/src/Illuminate/Mail/Mailer.php(331): Illuminate\\Mail\\Mailer->sendSymfonyMessage()\n#8 /home/caesar/Codelab/Web/WebProgrammingClass/Mzuzu-University-Weekend-Timetabling-System/vendor/laravel/framework/src/Illuminate/Notifications/Channels/MailChannel.php(66): Illuminate\\Mail\\Mailer->send()\n#9 /home/caesar/Codelab/Web/WebProgrammingClass/Mzuzu-University-Weekend-Timetabling-System/vendor/laravel/framework/src/Illuminate/Notifications/NotificationSender.php(159): Illuminate\\Notifications\\Channels\\MailChannel->send()\n#10 /home/caesar/Codelab/Web/WebProgrammingClass/Mzuzu-University-Weekend-Timetabling-System/vendor/laravel/framework/src/Illuminate/Notifications/NotificationSender.php(116): Illuminate\\Notifications\\NotificationSender->sendToNotifiable()\n#11 /home/caesar/Codelab/Web/WebProgrammingClass/Mzuzu-University-Weekend-Timetabling-System/vendor/laravel/framework/src/Illuminate/Support/Traits/Localizable.php(19): Illuminate\\Notifications\\NotificationSender->{closure:Illuminate\\Notifications\\NotificationSender::sendNow():111}()\n#12 /home/caesar/Codelab/Web/WebProgrammingClass/Mzuzu-University-Weekend-Timetabling-System/vendor/laravel/framework/src/Illuminate/Notifications/NotificationSender.php(111): Illuminate\\Notifications\\NotificationSender->withLocale()\n#13 /home/caesar/Codelab/Web/WebProgrammingClass/Mzuzu-University-Weekend-Timetabling-System/vendor/laravel/framework/src/Illuminate/Notifications/ChannelManager.php(54): Illuminate\\Notifications\\NotificationSender->sendNow()\n#14 /home/caesar/Codelab/Web/WebProgrammingClass/Mzuzu-University-Weekend-Timetabling-System/vendor/laravel/framework/src/Illuminate/Notifications/SendQueuedNotifications.php(118): Illuminate\\Notifications\\ChannelManager->sendNow()\n#15 /home/caesar/Codelab/Web/WebProgrammingClass/Mzuzu-University-Weekend-Timetabling-System/vendor/laravel/framework/src/Illuminate/Container/BoundMethod.php(36): Illuminate\\Notifications\\SendQueuedNotifications->handle()\n#16 /home/caesar/Codelab/Web/WebProgrammingClass/Mzuzu-University-Weekend-Timetabling-System/vendor/laravel/framework/src/Illuminate/Container/Util.php(43): Illuminate\\Container\\BoundMethod::{closure:Illuminate\\Container\\BoundMethod::call():35}()\n#17 /home/caesar/Codelab/Web/WebProgrammingClass/Mzuzu-University-Weekend-Timetabling-System/vendor/laravel/framework/src/Illuminate/Container/BoundMethod.php(96): Illuminate\\Container\\Util::unwrapIfClosure()\n#18 /home/caesar/Codelab/Web/WebProgrammingClass/Mzuzu-University-Weekend-Timetabling-System/vendor/laravel/framework/src/Illuminate/Container/BoundMethod.php(35): Illuminate\\Container\\BoundMethod::callBoundMethod()\n#19 /home/caesar/Codelab/Web/WebProgrammingClass/Mzuzu-University-Weekend-Timetabling-System/vendor/laravel/framework/src/Illuminate/Container/Container.php(754): Illuminate\\Container\\BoundMethod::call()\n#20 /home/caesar/Codelab/Web/WebProgrammingClass/Mzuzu-University-Weekend-Timetabling-System/vendor/laravel/framework/src/Illuminate/Bus/Dispatcher.php(132): Illuminate\\Container\\Container->call()\n#21 /home/caesar/Codelab/Web/WebProgrammingClass/Mzuzu-University-Weekend-Timetabling-System/vendor/laravel/framework/src/Illuminate/Pipeline/Pipeline.php(169): Illuminate\\Bus\\Dispatcher->{closure:Illuminate\\Bus\\Dispatcher::dispatchNow():129}()\n#22 /home/caesar/Codelab/Web/WebProgrammingClass/Mzuzu-University-Weekend-Timetabling-System/vendor/laravel/framework/src/Illuminate/Pipeline/Pipeline.php(126): Illuminate\\Pipeline\\Pipeline->{closure:Illuminate\\Pipeline\\Pipeline::prepareDestination():167}()\n#23 /home/caesar/Codelab/Web/WebProgrammingClass/Mzuzu-University-Weekend-Timetabling-System/vendor/laravel/framework/src/Illuminate/Bus/Dispatcher.php(136): Illuminate\\Pipeline\\Pipeline->then()\n#24 /home/caesar/Codelab/Web/WebProgrammingClass/Mzuzu-University-Weekend-Timetabling-System/vendor/laravel/framework/src/Illuminate/Queue/CallQueuedHandler.php(125): Illuminate\\Bus\\Dispatcher->dispatchNow()\n#25 /home/caesar/Codelab/Web/WebProgrammingClass/Mzuzu-University-Weekend-Timetabling-System/vendor/laravel/framework/src/Illuminate/Pipeline/Pipeline.php(169): Illuminate\\Queue\\CallQueuedHandler->{closure:Illuminate\\Queue\\CallQueuedHandler::dispatchThroughMiddleware():120}()\n#26 /home/caesar/Codelab/Web/WebProgrammingClass/Mzuzu-University-Weekend-Timetabling-System/vendor/laravel/framework/src/Illuminate/Pipeline/Pipeline.php(126): Illuminate\\Pipeline\\Pipeline->{closure:Illuminate\\Pipeline\\Pipeline::prepareDestination():167}()\n#27 /home/caesar/Codelab/Web/WebProgrammingClass/Mzuzu-University-Weekend-Timetabling-System/vendor/laravel/framework/src/Illuminate/Queue/CallQueuedHandler.php(120): Illuminate\\Pipeline\\Pipeline->then()\n#28 /home/caesar/Codelab/Web/WebProgrammingClass/Mzuzu-University-Weekend-Timetabling-System/vendor/laravel/framework/src/Illuminate/Queue/CallQueuedHandler.php(68): Illuminate\\Queue\\CallQueuedHandler->dispatchThroughMiddleware()\n#29 /home/caesar/Codelab/Web/WebProgrammingClass/Mzuzu-University-Weekend-Timetabling-System/vendor/laravel/framework/src/Illuminate/Queue/Jobs/Job.php(102): Illuminate\\Queue\\CallQueuedHandler->call()\n#30 /home/caesar/Codelab/Web/WebProgrammingClass/Mzuzu-University-Weekend-Timetabling-System/vendor/laravel/framework/src/Illuminate/Queue/Worker.php(444): Illuminate\\Queue\\Jobs\\Job->fire()\n#31 /home/caesar/Codelab/Web/WebProgrammingClass/Mzuzu-University-Weekend-Timetabling-System/vendor/laravel/framework/src/Illuminate/Queue/Worker.php(394): Illuminate\\Queue\\Worker->process()\n#32 /home/caesar/Codelab/Web/WebProgrammingClass/Mzuzu-University-Weekend-Timetabling-System/vendor/laravel/framework/src/Illuminate/Queue/Worker.php(180): Illuminate\\Queue\\Worker->runJob()\n#33 /home/caesar/Codelab/Web/WebProgrammingClass/Mzuzu-University-Weekend-Timetabling-System/vendor/laravel/framework/src/Illuminate/Queue/Console/WorkCommand.php(148): Illuminate\\Queue\\Worker->daemon()\n#34 /home/caesar/Codelab/Web/WebProgrammingClass/Mzuzu-University-Weekend-Timetabling-System/vendor/laravel/framework/src/Illuminate/Queue/Console/WorkCommand.php(131): Illuminate\\Queue\\Console\\WorkCommand->runWorker()\n#35 /home/caesar/Codelab/Web/WebProgrammingClass/Mzuzu-University-Weekend-Timetabling-System/vendor/laravel/framework/src/Illuminate/Container/BoundMethod.php(36): Illuminate\\Queue\\Console\\WorkCommand->handle()\n#36 /home/caesar/Codelab/Web/WebProgrammingClass/Mzuzu-University-Weekend-Timetabling-System/vendor/laravel/framework/src/Illuminate/Container/Util.php(43): Illuminate\\Container\\BoundMethod::{closure:Illuminate\\Container\\BoundMethod::call():35}()\n#37 /home/caesar/Codelab/Web/WebProgrammingClass/Mzuzu-University-Weekend-Timetabling-System/vendor/laravel/framework/src/Illuminate/Container/BoundMethod.php(96): Illuminate\\Container\\Util::unwrapIfClosure()\n#38 /home/caesar/Codelab/Web/WebProgrammingClass/Mzuzu-University-Weekend-Timetabling-System/vendor/laravel/framework/src/Illuminate/Container/BoundMethod.php(35): Illuminate\\Container\\BoundMethod::callBoundMethod()\n#39 /home/caesar/Codelab/Web/WebProgrammingClass/Mzuzu-University-Weekend-Timetabling-System/vendor/laravel/framework/src/Illuminate/Container/Container.php(754): Illuminate\\Container\\BoundMethod::call()\n#40 /home/caesar/Codelab/Web/WebProgrammingClass/Mzuzu-University-Weekend-Timetabling-System/vendor/laravel/framework/src/Illuminate/Console/Command.php(211): Illuminate\\Container\\Container->call()\n#41 /home/caesar/Codelab/Web/WebProgrammingClass/Mzuzu-University-Weekend-Timetabling-System/vendor/symfony/console/Command/Command.php(318): Illuminate\\Console\\Command->execute()\n#42 /home/caesar/Codelab/Web/WebProgrammingClass/Mzuzu-University-Weekend-Timetabling-System/vendor/laravel/framework/src/Illuminate/Console/Command.php(180): Symfony\\Component\\Console\\Command\\Command->run()\n#43 /home/caesar/Codelab/Web/WebProgrammingClass/Mzuzu-University-Weekend-Timetabling-System/vendor/symfony/console/Application.php(1092): Illuminate\\Console\\Command->run()\n#44 /home/caesar/Codelab/Web/WebProgrammingClass/Mzuzu-University-Weekend-Timetabling-System/vendor/symfony/console/Application.php(341): Symfony\\Component\\Console\\Application->doRunCommand()\n#45 /home/caesar/Codelab/Web/WebProgrammingClass/Mzuzu-University-Weekend-Timetabling-System/vendor/symfony/console/Application.php(192): Symfony\\Component\\Console\\Application->doRun()\n#46 /home/caesar/Codelab/Web/WebProgrammingClass/Mzuzu-University-Weekend-Timetabling-System/vendor/laravel/framework/src/Illuminate/Foundation/Console/Kernel.php(197): Symfony\\Component\\Console\\Application->run()\n#47 /home/caesar/Codelab/Web/WebProgrammingClass/Mzuzu-University-Weekend-Timetabling-System/vendor/laravel/framework/src/Illuminate/Foundation/Application.php(1234): Illuminate\\Foundation\\Console\\Kernel->handle()\n#48 /home/caesar/Codelab/Web/WebProgrammingClass/Mzuzu-University-Weekend-Timetabling-System/artisan(16): Illuminate\\Foundation\\Application->handleCommand()\n#49 {main}', '2025-06-30 12:30:51'),
(2, 'cec2ddbd-e8f9-492e-8648-ad578cf72afd', 'database', 'default', '{\"uuid\":\"cec2ddbd-e8f9-492e-8648-ad578cf72afd\",\"displayName\":\"App\\\\Notifications\\\\TimetablePublished\",\"job\":\"Illuminate\\\\Queue\\\\CallQueuedHandler@call\",\"maxTries\":null,\"maxExceptions\":null,\"failOnTimeout\":false,\"backoff\":null,\"timeout\":null,\"retryUntil\":null,\"data\":{\"commandName\":\"Illuminate\\\\Notifications\\\\SendQueuedNotifications\",\"command\":\"O:48:\\\"Illuminate\\\\Notifications\\\\SendQueuedNotifications\\\":3:{s:11:\\\"notifiables\\\";O:45:\\\"Illuminate\\\\Contracts\\\\Database\\\\ModelIdentifier\\\":5:{s:5:\\\"class\\\";s:15:\\\"App\\\\Models\\\\User\\\";s:2:\\\"id\\\";a:1:{i:0;i:10;}s:9:\\\"relations\\\";a:0:{}s:10:\\\"connection\\\";s:5:\\\"mysql\\\";s:15:\\\"collectionClass\\\";N;}s:12:\\\"notification\\\";O:36:\\\"App\\\\Notifications\\\\TimetablePublished\\\":2:{s:12:\\\"versionLabel\\\";s:11:\\\"First Draft\\\";s:2:\\\"id\\\";s:36:\\\"a77cfad3-f6e5-4c63-8618-c236ad1476c3\\\";}s:8:\\\"channels\\\";a:1:{i:0;s:4:\\\"mail\\\";}}\"},\"createdAt\":1751293848,\"delay\":null}', 'Symfony\\Component\\Mailer\\Exception\\TransportException: Connection could not be established with host \"127.0.0.1:1025\": stream_socket_client(): Unable to connect to 127.0.0.1:1025 (Connection refused) in /home/caesar/Codelab/Web/WebProgrammingClass/Mzuzu-University-Weekend-Timetabling-System/vendor/symfony/mailer/Transport/Smtp/Stream/SocketStream.php:154\nStack trace:\n#0 [internal function]: Symfony\\Component\\Mailer\\Transport\\Smtp\\Stream\\SocketStream->{closure:Symfony\\Component\\Mailer\\Transport\\Smtp\\Stream\\SocketStream::initialize():153}()\n#1 /home/caesar/Codelab/Web/WebProgrammingClass/Mzuzu-University-Weekend-Timetabling-System/vendor/symfony/mailer/Transport/Smtp/Stream/SocketStream.php(157): stream_socket_client()\n#2 /home/caesar/Codelab/Web/WebProgrammingClass/Mzuzu-University-Weekend-Timetabling-System/vendor/symfony/mailer/Transport/Smtp/SmtpTransport.php(279): Symfony\\Component\\Mailer\\Transport\\Smtp\\Stream\\SocketStream->initialize()\n#3 /home/caesar/Codelab/Web/WebProgrammingClass/Mzuzu-University-Weekend-Timetabling-System/vendor/symfony/mailer/Transport/Smtp/SmtpTransport.php(211): Symfony\\Component\\Mailer\\Transport\\Smtp\\SmtpTransport->start()\n#4 /home/caesar/Codelab/Web/WebProgrammingClass/Mzuzu-University-Weekend-Timetabling-System/vendor/symfony/mailer/Transport/AbstractTransport.php(69): Symfony\\Component\\Mailer\\Transport\\Smtp\\SmtpTransport->doSend()\n#5 /home/caesar/Codelab/Web/WebProgrammingClass/Mzuzu-University-Weekend-Timetabling-System/vendor/symfony/mailer/Transport/Smtp/SmtpTransport.php(138): Symfony\\Component\\Mailer\\Transport\\AbstractTransport->send()\n#6 /home/caesar/Codelab/Web/WebProgrammingClass/Mzuzu-University-Weekend-Timetabling-System/vendor/laravel/framework/src/Illuminate/Mail/Mailer.php(584): Symfony\\Component\\Mailer\\Transport\\Smtp\\SmtpTransport->send()\n#7 /home/caesar/Codelab/Web/WebProgrammingClass/Mzuzu-University-Weekend-Timetabling-System/vendor/laravel/framework/src/Illuminate/Mail/Mailer.php(331): Illuminate\\Mail\\Mailer->sendSymfonyMessage()\n#8 /home/caesar/Codelab/Web/WebProgrammingClass/Mzuzu-University-Weekend-Timetabling-System/vendor/laravel/framework/src/Illuminate/Notifications/Channels/MailChannel.php(66): Illuminate\\Mail\\Mailer->send()\n#9 /home/caesar/Codelab/Web/WebProgrammingClass/Mzuzu-University-Weekend-Timetabling-System/vendor/laravel/framework/src/Illuminate/Notifications/NotificationSender.php(159): Illuminate\\Notifications\\Channels\\MailChannel->send()\n#10 /home/caesar/Codelab/Web/WebProgrammingClass/Mzuzu-University-Weekend-Timetabling-System/vendor/laravel/framework/src/Illuminate/Notifications/NotificationSender.php(116): Illuminate\\Notifications\\NotificationSender->sendToNotifiable()\n#11 /home/caesar/Codelab/Web/WebProgrammingClass/Mzuzu-University-Weekend-Timetabling-System/vendor/laravel/framework/src/Illuminate/Support/Traits/Localizable.php(19): Illuminate\\Notifications\\NotificationSender->{closure:Illuminate\\Notifications\\NotificationSender::sendNow():111}()\n#12 /home/caesar/Codelab/Web/WebProgrammingClass/Mzuzu-University-Weekend-Timetabling-System/vendor/laravel/framework/src/Illuminate/Notifications/NotificationSender.php(111): Illuminate\\Notifications\\NotificationSender->withLocale()\n#13 /home/caesar/Codelab/Web/WebProgrammingClass/Mzuzu-University-Weekend-Timetabling-System/vendor/laravel/framework/src/Illuminate/Notifications/ChannelManager.php(54): Illuminate\\Notifications\\NotificationSender->sendNow()\n#14 /home/caesar/Codelab/Web/WebProgrammingClass/Mzuzu-University-Weekend-Timetabling-System/vendor/laravel/framework/src/Illuminate/Notifications/SendQueuedNotifications.php(118): Illuminate\\Notifications\\ChannelManager->sendNow()\n#15 /home/caesar/Codelab/Web/WebProgrammingClass/Mzuzu-University-Weekend-Timetabling-System/vendor/laravel/framework/src/Illuminate/Container/BoundMethod.php(36): Illuminate\\Notifications\\SendQueuedNotifications->handle()\n#16 /home/caesar/Codelab/Web/WebProgrammingClass/Mzuzu-University-Weekend-Timetabling-System/vendor/laravel/framework/src/Illuminate/Container/Util.php(43): Illuminate\\Container\\BoundMethod::{closure:Illuminate\\Container\\BoundMethod::call():35}()\n#17 /home/caesar/Codelab/Web/WebProgrammingClass/Mzuzu-University-Weekend-Timetabling-System/vendor/laravel/framework/src/Illuminate/Container/BoundMethod.php(96): Illuminate\\Container\\Util::unwrapIfClosure()\n#18 /home/caesar/Codelab/Web/WebProgrammingClass/Mzuzu-University-Weekend-Timetabling-System/vendor/laravel/framework/src/Illuminate/Container/BoundMethod.php(35): Illuminate\\Container\\BoundMethod::callBoundMethod()\n#19 /home/caesar/Codelab/Web/WebProgrammingClass/Mzuzu-University-Weekend-Timetabling-System/vendor/laravel/framework/src/Illuminate/Container/Container.php(754): Illuminate\\Container\\BoundMethod::call()\n#20 /home/caesar/Codelab/Web/WebProgrammingClass/Mzuzu-University-Weekend-Timetabling-System/vendor/laravel/framework/src/Illuminate/Bus/Dispatcher.php(132): Illuminate\\Container\\Container->call()\n#21 /home/caesar/Codelab/Web/WebProgrammingClass/Mzuzu-University-Weekend-Timetabling-System/vendor/laravel/framework/src/Illuminate/Pipeline/Pipeline.php(169): Illuminate\\Bus\\Dispatcher->{closure:Illuminate\\Bus\\Dispatcher::dispatchNow():129}()\n#22 /home/caesar/Codelab/Web/WebProgrammingClass/Mzuzu-University-Weekend-Timetabling-System/vendor/laravel/framework/src/Illuminate/Pipeline/Pipeline.php(126): Illuminate\\Pipeline\\Pipeline->{closure:Illuminate\\Pipeline\\Pipeline::prepareDestination():167}()\n#23 /home/caesar/Codelab/Web/WebProgrammingClass/Mzuzu-University-Weekend-Timetabling-System/vendor/laravel/framework/src/Illuminate/Bus/Dispatcher.php(136): Illuminate\\Pipeline\\Pipeline->then()\n#24 /home/caesar/Codelab/Web/WebProgrammingClass/Mzuzu-University-Weekend-Timetabling-System/vendor/laravel/framework/src/Illuminate/Queue/CallQueuedHandler.php(125): Illuminate\\Bus\\Dispatcher->dispatchNow()\n#25 /home/caesar/Codelab/Web/WebProgrammingClass/Mzuzu-University-Weekend-Timetabling-System/vendor/laravel/framework/src/Illuminate/Pipeline/Pipeline.php(169): Illuminate\\Queue\\CallQueuedHandler->{closure:Illuminate\\Queue\\CallQueuedHandler::dispatchThroughMiddleware():120}()\n#26 /home/caesar/Codelab/Web/WebProgrammingClass/Mzuzu-University-Weekend-Timetabling-System/vendor/laravel/framework/src/Illuminate/Pipeline/Pipeline.php(126): Illuminate\\Pipeline\\Pipeline->{closure:Illuminate\\Pipeline\\Pipeline::prepareDestination():167}()\n#27 /home/caesar/Codelab/Web/WebProgrammingClass/Mzuzu-University-Weekend-Timetabling-System/vendor/laravel/framework/src/Illuminate/Queue/CallQueuedHandler.php(120): Illuminate\\Pipeline\\Pipeline->then()\n#28 /home/caesar/Codelab/Web/WebProgrammingClass/Mzuzu-University-Weekend-Timetabling-System/vendor/laravel/framework/src/Illuminate/Queue/CallQueuedHandler.php(68): Illuminate\\Queue\\CallQueuedHandler->dispatchThroughMiddleware()\n#29 /home/caesar/Codelab/Web/WebProgrammingClass/Mzuzu-University-Weekend-Timetabling-System/vendor/laravel/framework/src/Illuminate/Queue/Jobs/Job.php(102): Illuminate\\Queue\\CallQueuedHandler->call()\n#30 /home/caesar/Codelab/Web/WebProgrammingClass/Mzuzu-University-Weekend-Timetabling-System/vendor/laravel/framework/src/Illuminate/Queue/Worker.php(444): Illuminate\\Queue\\Jobs\\Job->fire()\n#31 /home/caesar/Codelab/Web/WebProgrammingClass/Mzuzu-University-Weekend-Timetabling-System/vendor/laravel/framework/src/Illuminate/Queue/Worker.php(394): Illuminate\\Queue\\Worker->process()\n#32 /home/caesar/Codelab/Web/WebProgrammingClass/Mzuzu-University-Weekend-Timetabling-System/vendor/laravel/framework/src/Illuminate/Queue/Worker.php(180): Illuminate\\Queue\\Worker->runJob()\n#33 /home/caesar/Codelab/Web/WebProgrammingClass/Mzuzu-University-Weekend-Timetabling-System/vendor/laravel/framework/src/Illuminate/Queue/Console/WorkCommand.php(148): Illuminate\\Queue\\Worker->daemon()\n#34 /home/caesar/Codelab/Web/WebProgrammingClass/Mzuzu-University-Weekend-Timetabling-System/vendor/laravel/framework/src/Illuminate/Queue/Console/WorkCommand.php(131): Illuminate\\Queue\\Console\\WorkCommand->runWorker()\n#35 /home/caesar/Codelab/Web/WebProgrammingClass/Mzuzu-University-Weekend-Timetabling-System/vendor/laravel/framework/src/Illuminate/Container/BoundMethod.php(36): Illuminate\\Queue\\Console\\WorkCommand->handle()\n#36 /home/caesar/Codelab/Web/WebProgrammingClass/Mzuzu-University-Weekend-Timetabling-System/vendor/laravel/framework/src/Illuminate/Container/Util.php(43): Illuminate\\Container\\BoundMethod::{closure:Illuminate\\Container\\BoundMethod::call():35}()\n#37 /home/caesar/Codelab/Web/WebProgrammingClass/Mzuzu-University-Weekend-Timetabling-System/vendor/laravel/framework/src/Illuminate/Container/BoundMethod.php(96): Illuminate\\Container\\Util::unwrapIfClosure()\n#38 /home/caesar/Codelab/Web/WebProgrammingClass/Mzuzu-University-Weekend-Timetabling-System/vendor/laravel/framework/src/Illuminate/Container/BoundMethod.php(35): Illuminate\\Container\\BoundMethod::callBoundMethod()\n#39 /home/caesar/Codelab/Web/WebProgrammingClass/Mzuzu-University-Weekend-Timetabling-System/vendor/laravel/framework/src/Illuminate/Container/Container.php(754): Illuminate\\Container\\BoundMethod::call()\n#40 /home/caesar/Codelab/Web/WebProgrammingClass/Mzuzu-University-Weekend-Timetabling-System/vendor/laravel/framework/src/Illuminate/Console/Command.php(211): Illuminate\\Container\\Container->call()\n#41 /home/caesar/Codelab/Web/WebProgrammingClass/Mzuzu-University-Weekend-Timetabling-System/vendor/symfony/console/Command/Command.php(318): Illuminate\\Console\\Command->execute()\n#42 /home/caesar/Codelab/Web/WebProgrammingClass/Mzuzu-University-Weekend-Timetabling-System/vendor/laravel/framework/src/Illuminate/Console/Command.php(180): Symfony\\Component\\Console\\Command\\Command->run()\n#43 /home/caesar/Codelab/Web/WebProgrammingClass/Mzuzu-University-Weekend-Timetabling-System/vendor/symfony/console/Application.php(1092): Illuminate\\Console\\Command->run()\n#44 /home/caesar/Codelab/Web/WebProgrammingClass/Mzuzu-University-Weekend-Timetabling-System/vendor/symfony/console/Application.php(341): Symfony\\Component\\Console\\Application->doRunCommand()\n#45 /home/caesar/Codelab/Web/WebProgrammingClass/Mzuzu-University-Weekend-Timetabling-System/vendor/symfony/console/Application.php(192): Symfony\\Component\\Console\\Application->doRun()\n#46 /home/caesar/Codelab/Web/WebProgrammingClass/Mzuzu-University-Weekend-Timetabling-System/vendor/laravel/framework/src/Illuminate/Foundation/Console/Kernel.php(197): Symfony\\Component\\Console\\Application->run()\n#47 /home/caesar/Codelab/Web/WebProgrammingClass/Mzuzu-University-Weekend-Timetabling-System/vendor/laravel/framework/src/Illuminate/Foundation/Application.php(1234): Illuminate\\Foundation\\Console\\Kernel->handle()\n#48 /home/caesar/Codelab/Web/WebProgrammingClass/Mzuzu-University-Weekend-Timetabling-System/artisan(16): Illuminate\\Foundation\\Application->handleCommand()\n#49 {main}', '2025-06-30 12:30:51'),
(3, 'ed1346f0-f6ad-4e06-bc63-68bc9f8b37ce', 'database', 'default', '{\"uuid\":\"ed1346f0-f6ad-4e06-bc63-68bc9f8b37ce\",\"displayName\":\"App\\\\Notifications\\\\TimetablePublished\",\"job\":\"Illuminate\\\\Queue\\\\CallQueuedHandler@call\",\"maxTries\":null,\"maxExceptions\":null,\"failOnTimeout\":false,\"backoff\":null,\"timeout\":null,\"retryUntil\":null,\"data\":{\"commandName\":\"Illuminate\\\\Notifications\\\\SendQueuedNotifications\",\"command\":\"O:48:\\\"Illuminate\\\\Notifications\\\\SendQueuedNotifications\\\":3:{s:11:\\\"notifiables\\\";O:45:\\\"Illuminate\\\\Contracts\\\\Database\\\\ModelIdentifier\\\":5:{s:5:\\\"class\\\";s:15:\\\"App\\\\Models\\\\User\\\";s:2:\\\"id\\\";a:1:{i:0;i:9;}s:9:\\\"relations\\\";a:0:{}s:10:\\\"connection\\\";s:5:\\\"mysql\\\";s:15:\\\"collectionClass\\\";N;}s:12:\\\"notification\\\";O:36:\\\"App\\\\Notifications\\\\TimetablePublished\\\":2:{s:12:\\\"versionLabel\\\";s:11:\\\"First Draft\\\";s:2:\\\"id\\\";s:36:\\\"0a8f0da3-24d5-4616-a4eb-7e7a61e7e8ea\\\";}s:8:\\\"channels\\\";a:1:{i:0;s:4:\\\"mail\\\";}}\"},\"createdAt\":1751293848,\"delay\":null}', 'Symfony\\Component\\Mailer\\Exception\\TransportException: Connection could not be established with host \"127.0.0.1:1025\": stream_socket_client(): Unable to connect to 127.0.0.1:1025 (Connection refused) in /home/caesar/Codelab/Web/WebProgrammingClass/Mzuzu-University-Weekend-Timetabling-System/vendor/symfony/mailer/Transport/Smtp/Stream/SocketStream.php:154\nStack trace:\n#0 [internal function]: Symfony\\Component\\Mailer\\Transport\\Smtp\\Stream\\SocketStream->{closure:Symfony\\Component\\Mailer\\Transport\\Smtp\\Stream\\SocketStream::initialize():153}()\n#1 /home/caesar/Codelab/Web/WebProgrammingClass/Mzuzu-University-Weekend-Timetabling-System/vendor/symfony/mailer/Transport/Smtp/Stream/SocketStream.php(157): stream_socket_client()\n#2 /home/caesar/Codelab/Web/WebProgrammingClass/Mzuzu-University-Weekend-Timetabling-System/vendor/symfony/mailer/Transport/Smtp/SmtpTransport.php(279): Symfony\\Component\\Mailer\\Transport\\Smtp\\Stream\\SocketStream->initialize()\n#3 /home/caesar/Codelab/Web/WebProgrammingClass/Mzuzu-University-Weekend-Timetabling-System/vendor/symfony/mailer/Transport/Smtp/SmtpTransport.php(211): Symfony\\Component\\Mailer\\Transport\\Smtp\\SmtpTransport->start()\n#4 /home/caesar/Codelab/Web/WebProgrammingClass/Mzuzu-University-Weekend-Timetabling-System/vendor/symfony/mailer/Transport/AbstractTransport.php(69): Symfony\\Component\\Mailer\\Transport\\Smtp\\SmtpTransport->doSend()\n#5 /home/caesar/Codelab/Web/WebProgrammingClass/Mzuzu-University-Weekend-Timetabling-System/vendor/symfony/mailer/Transport/Smtp/SmtpTransport.php(138): Symfony\\Component\\Mailer\\Transport\\AbstractTransport->send()\n#6 /home/caesar/Codelab/Web/WebProgrammingClass/Mzuzu-University-Weekend-Timetabling-System/vendor/laravel/framework/src/Illuminate/Mail/Mailer.php(584): Symfony\\Component\\Mailer\\Transport\\Smtp\\SmtpTransport->send()\n#7 /home/caesar/Codelab/Web/WebProgrammingClass/Mzuzu-University-Weekend-Timetabling-System/vendor/laravel/framework/src/Illuminate/Mail/Mailer.php(331): Illuminate\\Mail\\Mailer->sendSymfonyMessage()\n#8 /home/caesar/Codelab/Web/WebProgrammingClass/Mzuzu-University-Weekend-Timetabling-System/vendor/laravel/framework/src/Illuminate/Notifications/Channels/MailChannel.php(66): Illuminate\\Mail\\Mailer->send()\n#9 /home/caesar/Codelab/Web/WebProgrammingClass/Mzuzu-University-Weekend-Timetabling-System/vendor/laravel/framework/src/Illuminate/Notifications/NotificationSender.php(159): Illuminate\\Notifications\\Channels\\MailChannel->send()\n#10 /home/caesar/Codelab/Web/WebProgrammingClass/Mzuzu-University-Weekend-Timetabling-System/vendor/laravel/framework/src/Illuminate/Notifications/NotificationSender.php(116): Illuminate\\Notifications\\NotificationSender->sendToNotifiable()\n#11 /home/caesar/Codelab/Web/WebProgrammingClass/Mzuzu-University-Weekend-Timetabling-System/vendor/laravel/framework/src/Illuminate/Support/Traits/Localizable.php(19): Illuminate\\Notifications\\NotificationSender->{closure:Illuminate\\Notifications\\NotificationSender::sendNow():111}()\n#12 /home/caesar/Codelab/Web/WebProgrammingClass/Mzuzu-University-Weekend-Timetabling-System/vendor/laravel/framework/src/Illuminate/Notifications/NotificationSender.php(111): Illuminate\\Notifications\\NotificationSender->withLocale()\n#13 /home/caesar/Codelab/Web/WebProgrammingClass/Mzuzu-University-Weekend-Timetabling-System/vendor/laravel/framework/src/Illuminate/Notifications/ChannelManager.php(54): Illuminate\\Notifications\\NotificationSender->sendNow()\n#14 /home/caesar/Codelab/Web/WebProgrammingClass/Mzuzu-University-Weekend-Timetabling-System/vendor/laravel/framework/src/Illuminate/Notifications/SendQueuedNotifications.php(118): Illuminate\\Notifications\\ChannelManager->sendNow()\n#15 /home/caesar/Codelab/Web/WebProgrammingClass/Mzuzu-University-Weekend-Timetabling-System/vendor/laravel/framework/src/Illuminate/Container/BoundMethod.php(36): Illuminate\\Notifications\\SendQueuedNotifications->handle()\n#16 /home/caesar/Codelab/Web/WebProgrammingClass/Mzuzu-University-Weekend-Timetabling-System/vendor/laravel/framework/src/Illuminate/Container/Util.php(43): Illuminate\\Container\\BoundMethod::{closure:Illuminate\\Container\\BoundMethod::call():35}()\n#17 /home/caesar/Codelab/Web/WebProgrammingClass/Mzuzu-University-Weekend-Timetabling-System/vendor/laravel/framework/src/Illuminate/Container/BoundMethod.php(96): Illuminate\\Container\\Util::unwrapIfClosure()\n#18 /home/caesar/Codelab/Web/WebProgrammingClass/Mzuzu-University-Weekend-Timetabling-System/vendor/laravel/framework/src/Illuminate/Container/BoundMethod.php(35): Illuminate\\Container\\BoundMethod::callBoundMethod()\n#19 /home/caesar/Codelab/Web/WebProgrammingClass/Mzuzu-University-Weekend-Timetabling-System/vendor/laravel/framework/src/Illuminate/Container/Container.php(754): Illuminate\\Container\\BoundMethod::call()\n#20 /home/caesar/Codelab/Web/WebProgrammingClass/Mzuzu-University-Weekend-Timetabling-System/vendor/laravel/framework/src/Illuminate/Bus/Dispatcher.php(132): Illuminate\\Container\\Container->call()\n#21 /home/caesar/Codelab/Web/WebProgrammingClass/Mzuzu-University-Weekend-Timetabling-System/vendor/laravel/framework/src/Illuminate/Pipeline/Pipeline.php(169): Illuminate\\Bus\\Dispatcher->{closure:Illuminate\\Bus\\Dispatcher::dispatchNow():129}()\n#22 /home/caesar/Codelab/Web/WebProgrammingClass/Mzuzu-University-Weekend-Timetabling-System/vendor/laravel/framework/src/Illuminate/Pipeline/Pipeline.php(126): Illuminate\\Pipeline\\Pipeline->{closure:Illuminate\\Pipeline\\Pipeline::prepareDestination():167}()\n#23 /home/caesar/Codelab/Web/WebProgrammingClass/Mzuzu-University-Weekend-Timetabling-System/vendor/laravel/framework/src/Illuminate/Bus/Dispatcher.php(136): Illuminate\\Pipeline\\Pipeline->then()\n#24 /home/caesar/Codelab/Web/WebProgrammingClass/Mzuzu-University-Weekend-Timetabling-System/vendor/laravel/framework/src/Illuminate/Queue/CallQueuedHandler.php(125): Illuminate\\Bus\\Dispatcher->dispatchNow()\n#25 /home/caesar/Codelab/Web/WebProgrammingClass/Mzuzu-University-Weekend-Timetabling-System/vendor/laravel/framework/src/Illuminate/Pipeline/Pipeline.php(169): Illuminate\\Queue\\CallQueuedHandler->{closure:Illuminate\\Queue\\CallQueuedHandler::dispatchThroughMiddleware():120}()\n#26 /home/caesar/Codelab/Web/WebProgrammingClass/Mzuzu-University-Weekend-Timetabling-System/vendor/laravel/framework/src/Illuminate/Pipeline/Pipeline.php(126): Illuminate\\Pipeline\\Pipeline->{closure:Illuminate\\Pipeline\\Pipeline::prepareDestination():167}()\n#27 /home/caesar/Codelab/Web/WebProgrammingClass/Mzuzu-University-Weekend-Timetabling-System/vendor/laravel/framework/src/Illuminate/Queue/CallQueuedHandler.php(120): Illuminate\\Pipeline\\Pipeline->then()\n#28 /home/caesar/Codelab/Web/WebProgrammingClass/Mzuzu-University-Weekend-Timetabling-System/vendor/laravel/framework/src/Illuminate/Queue/CallQueuedHandler.php(68): Illuminate\\Queue\\CallQueuedHandler->dispatchThroughMiddleware()\n#29 /home/caesar/Codelab/Web/WebProgrammingClass/Mzuzu-University-Weekend-Timetabling-System/vendor/laravel/framework/src/Illuminate/Queue/Jobs/Job.php(102): Illuminate\\Queue\\CallQueuedHandler->call()\n#30 /home/caesar/Codelab/Web/WebProgrammingClass/Mzuzu-University-Weekend-Timetabling-System/vendor/laravel/framework/src/Illuminate/Queue/Worker.php(444): Illuminate\\Queue\\Jobs\\Job->fire()\n#31 /home/caesar/Codelab/Web/WebProgrammingClass/Mzuzu-University-Weekend-Timetabling-System/vendor/laravel/framework/src/Illuminate/Queue/Worker.php(394): Illuminate\\Queue\\Worker->process()\n#32 /home/caesar/Codelab/Web/WebProgrammingClass/Mzuzu-University-Weekend-Timetabling-System/vendor/laravel/framework/src/Illuminate/Queue/Worker.php(337): Illuminate\\Queue\\Worker->runJob()\n#33 /home/caesar/Codelab/Web/WebProgrammingClass/Mzuzu-University-Weekend-Timetabling-System/vendor/laravel/framework/src/Illuminate/Queue/Console/WorkCommand.php(148): Illuminate\\Queue\\Worker->runNextJob()\n#34 /home/caesar/Codelab/Web/WebProgrammingClass/Mzuzu-University-Weekend-Timetabling-System/vendor/laravel/framework/src/Illuminate/Queue/Console/WorkCommand.php(131): Illuminate\\Queue\\Console\\WorkCommand->runWorker()\n#35 /home/caesar/Codelab/Web/WebProgrammingClass/Mzuzu-University-Weekend-Timetabling-System/vendor/laravel/framework/src/Illuminate/Container/BoundMethod.php(36): Illuminate\\Queue\\Console\\WorkCommand->handle()\n#36 /home/caesar/Codelab/Web/WebProgrammingClass/Mzuzu-University-Weekend-Timetabling-System/vendor/laravel/framework/src/Illuminate/Container/Util.php(43): Illuminate\\Container\\BoundMethod::{closure:Illuminate\\Container\\BoundMethod::call():35}()\n#37 /home/caesar/Codelab/Web/WebProgrammingClass/Mzuzu-University-Weekend-Timetabling-System/vendor/laravel/framework/src/Illuminate/Container/BoundMethod.php(96): Illuminate\\Container\\Util::unwrapIfClosure()\n#38 /home/caesar/Codelab/Web/WebProgrammingClass/Mzuzu-University-Weekend-Timetabling-System/vendor/laravel/framework/src/Illuminate/Container/BoundMethod.php(35): Illuminate\\Container\\BoundMethod::callBoundMethod()\n#39 /home/caesar/Codelab/Web/WebProgrammingClass/Mzuzu-University-Weekend-Timetabling-System/vendor/laravel/framework/src/Illuminate/Container/Container.php(754): Illuminate\\Container\\BoundMethod::call()\n#40 /home/caesar/Codelab/Web/WebProgrammingClass/Mzuzu-University-Weekend-Timetabling-System/vendor/laravel/framework/src/Illuminate/Console/Command.php(211): Illuminate\\Container\\Container->call()\n#41 /home/caesar/Codelab/Web/WebProgrammingClass/Mzuzu-University-Weekend-Timetabling-System/vendor/symfony/console/Command/Command.php(318): Illuminate\\Console\\Command->execute()\n#42 /home/caesar/Codelab/Web/WebProgrammingClass/Mzuzu-University-Weekend-Timetabling-System/vendor/laravel/framework/src/Illuminate/Console/Command.php(180): Symfony\\Component\\Console\\Command\\Command->run()\n#43 /home/caesar/Codelab/Web/WebProgrammingClass/Mzuzu-University-Weekend-Timetabling-System/vendor/symfony/console/Application.php(1092): Illuminate\\Console\\Command->run()\n#44 /home/caesar/Codelab/Web/WebProgrammingClass/Mzuzu-University-Weekend-Timetabling-System/vendor/symfony/console/Application.php(341): Symfony\\Component\\Console\\Application->doRunCommand()\n#45 /home/caesar/Codelab/Web/WebProgrammingClass/Mzuzu-University-Weekend-Timetabling-System/vendor/symfony/console/Application.php(192): Symfony\\Component\\Console\\Application->doRun()\n#46 /home/caesar/Codelab/Web/WebProgrammingClass/Mzuzu-University-Weekend-Timetabling-System/vendor/laravel/framework/src/Illuminate/Foundation/Console/Kernel.php(197): Symfony\\Component\\Console\\Application->run()\n#47 /home/caesar/Codelab/Web/WebProgrammingClass/Mzuzu-University-Weekend-Timetabling-System/vendor/laravel/framework/src/Illuminate/Foundation/Application.php(1234): Illuminate\\Foundation\\Console\\Kernel->handle()\n#48 /home/caesar/Codelab/Web/WebProgrammingClass/Mzuzu-University-Weekend-Timetabling-System/artisan(16): Illuminate\\Foundation\\Application->handleCommand()\n#49 {main}', '2025-06-30 12:30:51'),
(4, '0e34299e-b19b-4185-a37a-692e120988e6', 'database', 'default', '{\"uuid\":\"0e34299e-b19b-4185-a37a-692e120988e6\",\"displayName\":\"App\\\\Notifications\\\\TimetablePublished\",\"job\":\"Illuminate\\\\Queue\\\\CallQueuedHandler@call\",\"maxTries\":null,\"maxExceptions\":null,\"failOnTimeout\":false,\"backoff\":null,\"timeout\":null,\"retryUntil\":null,\"data\":{\"commandName\":\"Illuminate\\\\Notifications\\\\SendQueuedNotifications\",\"command\":\"O:48:\\\"Illuminate\\\\Notifications\\\\SendQueuedNotifications\\\":3:{s:11:\\\"notifiables\\\";O:45:\\\"Illuminate\\\\Contracts\\\\Database\\\\ModelIdentifier\\\":5:{s:5:\\\"class\\\";s:15:\\\"App\\\\Models\\\\User\\\";s:2:\\\"id\\\";a:1:{i:0;i:11;}s:9:\\\"relations\\\";a:0:{}s:10:\\\"connection\\\";s:5:\\\"mysql\\\";s:15:\\\"collectionClass\\\";N;}s:12:\\\"notification\\\";O:36:\\\"App\\\\Notifications\\\\TimetablePublished\\\":2:{s:12:\\\"versionLabel\\\";s:11:\\\"First Draft\\\";s:2:\\\"id\\\";s:36:\\\"f62b543b-8dde-41a3-9eeb-52708173534a\\\";}s:8:\\\"channels\\\";a:1:{i:0;s:4:\\\"mail\\\";}}\"},\"createdAt\":1751293848,\"delay\":null}', 'Symfony\\Component\\Mailer\\Exception\\TransportException: Connection could not be established with host \"127.0.0.1:1025\": stream_socket_client(): Unable to connect to 127.0.0.1:1025 (Connection refused) in /home/caesar/Codelab/Web/WebProgrammingClass/Mzuzu-University-Weekend-Timetabling-System/vendor/symfony/mailer/Transport/Smtp/Stream/SocketStream.php:154\nStack trace:\n#0 [internal function]: Symfony\\Component\\Mailer\\Transport\\Smtp\\Stream\\SocketStream->{closure:Symfony\\Component\\Mailer\\Transport\\Smtp\\Stream\\SocketStream::initialize():153}()\n#1 /home/caesar/Codelab/Web/WebProgrammingClass/Mzuzu-University-Weekend-Timetabling-System/vendor/symfony/mailer/Transport/Smtp/Stream/SocketStream.php(157): stream_socket_client()\n#2 /home/caesar/Codelab/Web/WebProgrammingClass/Mzuzu-University-Weekend-Timetabling-System/vendor/symfony/mailer/Transport/Smtp/SmtpTransport.php(279): Symfony\\Component\\Mailer\\Transport\\Smtp\\Stream\\SocketStream->initialize()\n#3 /home/caesar/Codelab/Web/WebProgrammingClass/Mzuzu-University-Weekend-Timetabling-System/vendor/symfony/mailer/Transport/Smtp/SmtpTransport.php(211): Symfony\\Component\\Mailer\\Transport\\Smtp\\SmtpTransport->start()\n#4 /home/caesar/Codelab/Web/WebProgrammingClass/Mzuzu-University-Weekend-Timetabling-System/vendor/symfony/mailer/Transport/AbstractTransport.php(69): Symfony\\Component\\Mailer\\Transport\\Smtp\\SmtpTransport->doSend()\n#5 /home/caesar/Codelab/Web/WebProgrammingClass/Mzuzu-University-Weekend-Timetabling-System/vendor/symfony/mailer/Transport/Smtp/SmtpTransport.php(138): Symfony\\Component\\Mailer\\Transport\\AbstractTransport->send()\n#6 /home/caesar/Codelab/Web/WebProgrammingClass/Mzuzu-University-Weekend-Timetabling-System/vendor/laravel/framework/src/Illuminate/Mail/Mailer.php(584): Symfony\\Component\\Mailer\\Transport\\Smtp\\SmtpTransport->send()\n#7 /home/caesar/Codelab/Web/WebProgrammingClass/Mzuzu-University-Weekend-Timetabling-System/vendor/laravel/framework/src/Illuminate/Mail/Mailer.php(331): Illuminate\\Mail\\Mailer->sendSymfonyMessage()\n#8 /home/caesar/Codelab/Web/WebProgrammingClass/Mzuzu-University-Weekend-Timetabling-System/vendor/laravel/framework/src/Illuminate/Notifications/Channels/MailChannel.php(66): Illuminate\\Mail\\Mailer->send()\n#9 /home/caesar/Codelab/Web/WebProgrammingClass/Mzuzu-University-Weekend-Timetabling-System/vendor/laravel/framework/src/Illuminate/Notifications/NotificationSender.php(159): Illuminate\\Notifications\\Channels\\MailChannel->send()\n#10 /home/caesar/Codelab/Web/WebProgrammingClass/Mzuzu-University-Weekend-Timetabling-System/vendor/laravel/framework/src/Illuminate/Notifications/NotificationSender.php(116): Illuminate\\Notifications\\NotificationSender->sendToNotifiable()\n#11 /home/caesar/Codelab/Web/WebProgrammingClass/Mzuzu-University-Weekend-Timetabling-System/vendor/laravel/framework/src/Illuminate/Support/Traits/Localizable.php(19): Illuminate\\Notifications\\NotificationSender->{closure:Illuminate\\Notifications\\NotificationSender::sendNow():111}()\n#12 /home/caesar/Codelab/Web/WebProgrammingClass/Mzuzu-University-Weekend-Timetabling-System/vendor/laravel/framework/src/Illuminate/Notifications/NotificationSender.php(111): Illuminate\\Notifications\\NotificationSender->withLocale()\n#13 /home/caesar/Codelab/Web/WebProgrammingClass/Mzuzu-University-Weekend-Timetabling-System/vendor/laravel/framework/src/Illuminate/Notifications/ChannelManager.php(54): Illuminate\\Notifications\\NotificationSender->sendNow()\n#14 /home/caesar/Codelab/Web/WebProgrammingClass/Mzuzu-University-Weekend-Timetabling-System/vendor/laravel/framework/src/Illuminate/Notifications/SendQueuedNotifications.php(118): Illuminate\\Notifications\\ChannelManager->sendNow()\n#15 /home/caesar/Codelab/Web/WebProgrammingClass/Mzuzu-University-Weekend-Timetabling-System/vendor/laravel/framework/src/Illuminate/Container/BoundMethod.php(36): Illuminate\\Notifications\\SendQueuedNotifications->handle()\n#16 /home/caesar/Codelab/Web/WebProgrammingClass/Mzuzu-University-Weekend-Timetabling-System/vendor/laravel/framework/src/Illuminate/Container/Util.php(43): Illuminate\\Container\\BoundMethod::{closure:Illuminate\\Container\\BoundMethod::call():35}()\n#17 /home/caesar/Codelab/Web/WebProgrammingClass/Mzuzu-University-Weekend-Timetabling-System/vendor/laravel/framework/src/Illuminate/Container/BoundMethod.php(96): Illuminate\\Container\\Util::unwrapIfClosure()\n#18 /home/caesar/Codelab/Web/WebProgrammingClass/Mzuzu-University-Weekend-Timetabling-System/vendor/laravel/framework/src/Illuminate/Container/BoundMethod.php(35): Illuminate\\Container\\BoundMethod::callBoundMethod()\n#19 /home/caesar/Codelab/Web/WebProgrammingClass/Mzuzu-University-Weekend-Timetabling-System/vendor/laravel/framework/src/Illuminate/Container/Container.php(754): Illuminate\\Container\\BoundMethod::call()\n#20 /home/caesar/Codelab/Web/WebProgrammingClass/Mzuzu-University-Weekend-Timetabling-System/vendor/laravel/framework/src/Illuminate/Bus/Dispatcher.php(132): Illuminate\\Container\\Container->call()\n#21 /home/caesar/Codelab/Web/WebProgrammingClass/Mzuzu-University-Weekend-Timetabling-System/vendor/laravel/framework/src/Illuminate/Pipeline/Pipeline.php(169): Illuminate\\Bus\\Dispatcher->{closure:Illuminate\\Bus\\Dispatcher::dispatchNow():129}()\n#22 /home/caesar/Codelab/Web/WebProgrammingClass/Mzuzu-University-Weekend-Timetabling-System/vendor/laravel/framework/src/Illuminate/Pipeline/Pipeline.php(126): Illuminate\\Pipeline\\Pipeline->{closure:Illuminate\\Pipeline\\Pipeline::prepareDestination():167}()\n#23 /home/caesar/Codelab/Web/WebProgrammingClass/Mzuzu-University-Weekend-Timetabling-System/vendor/laravel/framework/src/Illuminate/Bus/Dispatcher.php(136): Illuminate\\Pipeline\\Pipeline->then()\n#24 /home/caesar/Codelab/Web/WebProgrammingClass/Mzuzu-University-Weekend-Timetabling-System/vendor/laravel/framework/src/Illuminate/Queue/CallQueuedHandler.php(125): Illuminate\\Bus\\Dispatcher->dispatchNow()\n#25 /home/caesar/Codelab/Web/WebProgrammingClass/Mzuzu-University-Weekend-Timetabling-System/vendor/laravel/framework/src/Illuminate/Pipeline/Pipeline.php(169): Illuminate\\Queue\\CallQueuedHandler->{closure:Illuminate\\Queue\\CallQueuedHandler::dispatchThroughMiddleware():120}()\n#26 /home/caesar/Codelab/Web/WebProgrammingClass/Mzuzu-University-Weekend-Timetabling-System/vendor/laravel/framework/src/Illuminate/Pipeline/Pipeline.php(126): Illuminate\\Pipeline\\Pipeline->{closure:Illuminate\\Pipeline\\Pipeline::prepareDestination():167}()\n#27 /home/caesar/Codelab/Web/WebProgrammingClass/Mzuzu-University-Weekend-Timetabling-System/vendor/laravel/framework/src/Illuminate/Queue/CallQueuedHandler.php(120): Illuminate\\Pipeline\\Pipeline->then()\n#28 /home/caesar/Codelab/Web/WebProgrammingClass/Mzuzu-University-Weekend-Timetabling-System/vendor/laravel/framework/src/Illuminate/Queue/CallQueuedHandler.php(68): Illuminate\\Queue\\CallQueuedHandler->dispatchThroughMiddleware()\n#29 /home/caesar/Codelab/Web/WebProgrammingClass/Mzuzu-University-Weekend-Timetabling-System/vendor/laravel/framework/src/Illuminate/Queue/Jobs/Job.php(102): Illuminate\\Queue\\CallQueuedHandler->call()\n#30 /home/caesar/Codelab/Web/WebProgrammingClass/Mzuzu-University-Weekend-Timetabling-System/vendor/laravel/framework/src/Illuminate/Queue/Worker.php(444): Illuminate\\Queue\\Jobs\\Job->fire()\n#31 /home/caesar/Codelab/Web/WebProgrammingClass/Mzuzu-University-Weekend-Timetabling-System/vendor/laravel/framework/src/Illuminate/Queue/Worker.php(394): Illuminate\\Queue\\Worker->process()\n#32 /home/caesar/Codelab/Web/WebProgrammingClass/Mzuzu-University-Weekend-Timetabling-System/vendor/laravel/framework/src/Illuminate/Queue/Worker.php(180): Illuminate\\Queue\\Worker->runJob()\n#33 /home/caesar/Codelab/Web/WebProgrammingClass/Mzuzu-University-Weekend-Timetabling-System/vendor/laravel/framework/src/Illuminate/Queue/Console/WorkCommand.php(148): Illuminate\\Queue\\Worker->daemon()\n#34 /home/caesar/Codelab/Web/WebProgrammingClass/Mzuzu-University-Weekend-Timetabling-System/vendor/laravel/framework/src/Illuminate/Queue/Console/WorkCommand.php(131): Illuminate\\Queue\\Console\\WorkCommand->runWorker()\n#35 /home/caesar/Codelab/Web/WebProgrammingClass/Mzuzu-University-Weekend-Timetabling-System/vendor/laravel/framework/src/Illuminate/Container/BoundMethod.php(36): Illuminate\\Queue\\Console\\WorkCommand->handle()\n#36 /home/caesar/Codelab/Web/WebProgrammingClass/Mzuzu-University-Weekend-Timetabling-System/vendor/laravel/framework/src/Illuminate/Container/Util.php(43): Illuminate\\Container\\BoundMethod::{closure:Illuminate\\Container\\BoundMethod::call():35}()\n#37 /home/caesar/Codelab/Web/WebProgrammingClass/Mzuzu-University-Weekend-Timetabling-System/vendor/laravel/framework/src/Illuminate/Container/BoundMethod.php(96): Illuminate\\Container\\Util::unwrapIfClosure()\n#38 /home/caesar/Codelab/Web/WebProgrammingClass/Mzuzu-University-Weekend-Timetabling-System/vendor/laravel/framework/src/Illuminate/Container/BoundMethod.php(35): Illuminate\\Container\\BoundMethod::callBoundMethod()\n#39 /home/caesar/Codelab/Web/WebProgrammingClass/Mzuzu-University-Weekend-Timetabling-System/vendor/laravel/framework/src/Illuminate/Container/Container.php(754): Illuminate\\Container\\BoundMethod::call()\n#40 /home/caesar/Codelab/Web/WebProgrammingClass/Mzuzu-University-Weekend-Timetabling-System/vendor/laravel/framework/src/Illuminate/Console/Command.php(211): Illuminate\\Container\\Container->call()\n#41 /home/caesar/Codelab/Web/WebProgrammingClass/Mzuzu-University-Weekend-Timetabling-System/vendor/symfony/console/Command/Command.php(318): Illuminate\\Console\\Command->execute()\n#42 /home/caesar/Codelab/Web/WebProgrammingClass/Mzuzu-University-Weekend-Timetabling-System/vendor/laravel/framework/src/Illuminate/Console/Command.php(180): Symfony\\Component\\Console\\Command\\Command->run()\n#43 /home/caesar/Codelab/Web/WebProgrammingClass/Mzuzu-University-Weekend-Timetabling-System/vendor/symfony/console/Application.php(1092): Illuminate\\Console\\Command->run()\n#44 /home/caesar/Codelab/Web/WebProgrammingClass/Mzuzu-University-Weekend-Timetabling-System/vendor/symfony/console/Application.php(341): Symfony\\Component\\Console\\Application->doRunCommand()\n#45 /home/caesar/Codelab/Web/WebProgrammingClass/Mzuzu-University-Weekend-Timetabling-System/vendor/symfony/console/Application.php(192): Symfony\\Component\\Console\\Application->doRun()\n#46 /home/caesar/Codelab/Web/WebProgrammingClass/Mzuzu-University-Weekend-Timetabling-System/vendor/laravel/framework/src/Illuminate/Foundation/Console/Kernel.php(197): Symfony\\Component\\Console\\Application->run()\n#47 /home/caesar/Codelab/Web/WebProgrammingClass/Mzuzu-University-Weekend-Timetabling-System/vendor/laravel/framework/src/Illuminate/Foundation/Application.php(1234): Illuminate\\Foundation\\Console\\Kernel->handle()\n#48 /home/caesar/Codelab/Web/WebProgrammingClass/Mzuzu-University-Weekend-Timetabling-System/artisan(16): Illuminate\\Foundation\\Application->handleCommand()\n#49 {main}', '2025-06-30 12:30:52');
INSERT INTO `failed_jobs` (`id`, `uuid`, `connection`, `queue`, `payload`, `exception`, `failed_at`) VALUES
(5, '632456bf-0b5f-421b-a1fb-758bcf0a041e', 'database', 'default', '{\"uuid\":\"632456bf-0b5f-421b-a1fb-758bcf0a041e\",\"displayName\":\"App\\\\Notifications\\\\TimetablePublished\",\"job\":\"Illuminate\\\\Queue\\\\CallQueuedHandler@call\",\"maxTries\":null,\"maxExceptions\":null,\"failOnTimeout\":false,\"backoff\":null,\"timeout\":null,\"retryUntil\":null,\"data\":{\"commandName\":\"Illuminate\\\\Notifications\\\\SendQueuedNotifications\",\"command\":\"O:48:\\\"Illuminate\\\\Notifications\\\\SendQueuedNotifications\\\":3:{s:11:\\\"notifiables\\\";O:45:\\\"Illuminate\\\\Contracts\\\\Database\\\\ModelIdentifier\\\":5:{s:5:\\\"class\\\";s:15:\\\"App\\\\Models\\\\User\\\";s:2:\\\"id\\\";a:1:{i:0;i:12;}s:9:\\\"relations\\\";a:0:{}s:10:\\\"connection\\\";s:5:\\\"mysql\\\";s:15:\\\"collectionClass\\\";N;}s:12:\\\"notification\\\";O:36:\\\"App\\\\Notifications\\\\TimetablePublished\\\":2:{s:12:\\\"versionLabel\\\";s:11:\\\"First Draft\\\";s:2:\\\"id\\\";s:36:\\\"52943840-e966-48cb-8311-86f282336de5\\\";}s:8:\\\"channels\\\";a:1:{i:0;s:4:\\\"mail\\\";}}\"},\"createdAt\":1751293848,\"delay\":null}', 'Symfony\\Component\\Mailer\\Exception\\TransportException: Connection could not be established with host \"127.0.0.1:1025\": stream_socket_client(): Unable to connect to 127.0.0.1:1025 (Connection refused) in /home/caesar/Codelab/Web/WebProgrammingClass/Mzuzu-University-Weekend-Timetabling-System/vendor/symfony/mailer/Transport/Smtp/Stream/SocketStream.php:154\nStack trace:\n#0 [internal function]: Symfony\\Component\\Mailer\\Transport\\Smtp\\Stream\\SocketStream->{closure:Symfony\\Component\\Mailer\\Transport\\Smtp\\Stream\\SocketStream::initialize():153}()\n#1 /home/caesar/Codelab/Web/WebProgrammingClass/Mzuzu-University-Weekend-Timetabling-System/vendor/symfony/mailer/Transport/Smtp/Stream/SocketStream.php(157): stream_socket_client()\n#2 /home/caesar/Codelab/Web/WebProgrammingClass/Mzuzu-University-Weekend-Timetabling-System/vendor/symfony/mailer/Transport/Smtp/SmtpTransport.php(279): Symfony\\Component\\Mailer\\Transport\\Smtp\\Stream\\SocketStream->initialize()\n#3 /home/caesar/Codelab/Web/WebProgrammingClass/Mzuzu-University-Weekend-Timetabling-System/vendor/symfony/mailer/Transport/Smtp/SmtpTransport.php(211): Symfony\\Component\\Mailer\\Transport\\Smtp\\SmtpTransport->start()\n#4 /home/caesar/Codelab/Web/WebProgrammingClass/Mzuzu-University-Weekend-Timetabling-System/vendor/symfony/mailer/Transport/AbstractTransport.php(69): Symfony\\Component\\Mailer\\Transport\\Smtp\\SmtpTransport->doSend()\n#5 /home/caesar/Codelab/Web/WebProgrammingClass/Mzuzu-University-Weekend-Timetabling-System/vendor/symfony/mailer/Transport/Smtp/SmtpTransport.php(138): Symfony\\Component\\Mailer\\Transport\\AbstractTransport->send()\n#6 /home/caesar/Codelab/Web/WebProgrammingClass/Mzuzu-University-Weekend-Timetabling-System/vendor/laravel/framework/src/Illuminate/Mail/Mailer.php(584): Symfony\\Component\\Mailer\\Transport\\Smtp\\SmtpTransport->send()\n#7 /home/caesar/Codelab/Web/WebProgrammingClass/Mzuzu-University-Weekend-Timetabling-System/vendor/laravel/framework/src/Illuminate/Mail/Mailer.php(331): Illuminate\\Mail\\Mailer->sendSymfonyMessage()\n#8 /home/caesar/Codelab/Web/WebProgrammingClass/Mzuzu-University-Weekend-Timetabling-System/vendor/laravel/framework/src/Illuminate/Notifications/Channels/MailChannel.php(66): Illuminate\\Mail\\Mailer->send()\n#9 /home/caesar/Codelab/Web/WebProgrammingClass/Mzuzu-University-Weekend-Timetabling-System/vendor/laravel/framework/src/Illuminate/Notifications/NotificationSender.php(159): Illuminate\\Notifications\\Channels\\MailChannel->send()\n#10 /home/caesar/Codelab/Web/WebProgrammingClass/Mzuzu-University-Weekend-Timetabling-System/vendor/laravel/framework/src/Illuminate/Notifications/NotificationSender.php(116): Illuminate\\Notifications\\NotificationSender->sendToNotifiable()\n#11 /home/caesar/Codelab/Web/WebProgrammingClass/Mzuzu-University-Weekend-Timetabling-System/vendor/laravel/framework/src/Illuminate/Support/Traits/Localizable.php(19): Illuminate\\Notifications\\NotificationSender->{closure:Illuminate\\Notifications\\NotificationSender::sendNow():111}()\n#12 /home/caesar/Codelab/Web/WebProgrammingClass/Mzuzu-University-Weekend-Timetabling-System/vendor/laravel/framework/src/Illuminate/Notifications/NotificationSender.php(111): Illuminate\\Notifications\\NotificationSender->withLocale()\n#13 /home/caesar/Codelab/Web/WebProgrammingClass/Mzuzu-University-Weekend-Timetabling-System/vendor/laravel/framework/src/Illuminate/Notifications/ChannelManager.php(54): Illuminate\\Notifications\\NotificationSender->sendNow()\n#14 /home/caesar/Codelab/Web/WebProgrammingClass/Mzuzu-University-Weekend-Timetabling-System/vendor/laravel/framework/src/Illuminate/Notifications/SendQueuedNotifications.php(118): Illuminate\\Notifications\\ChannelManager->sendNow()\n#15 /home/caesar/Codelab/Web/WebProgrammingClass/Mzuzu-University-Weekend-Timetabling-System/vendor/laravel/framework/src/Illuminate/Container/BoundMethod.php(36): Illuminate\\Notifications\\SendQueuedNotifications->handle()\n#16 /home/caesar/Codelab/Web/WebProgrammingClass/Mzuzu-University-Weekend-Timetabling-System/vendor/laravel/framework/src/Illuminate/Container/Util.php(43): Illuminate\\Container\\BoundMethod::{closure:Illuminate\\Container\\BoundMethod::call():35}()\n#17 /home/caesar/Codelab/Web/WebProgrammingClass/Mzuzu-University-Weekend-Timetabling-System/vendor/laravel/framework/src/Illuminate/Container/BoundMethod.php(96): Illuminate\\Container\\Util::unwrapIfClosure()\n#18 /home/caesar/Codelab/Web/WebProgrammingClass/Mzuzu-University-Weekend-Timetabling-System/vendor/laravel/framework/src/Illuminate/Container/BoundMethod.php(35): Illuminate\\Container\\BoundMethod::callBoundMethod()\n#19 /home/caesar/Codelab/Web/WebProgrammingClass/Mzuzu-University-Weekend-Timetabling-System/vendor/laravel/framework/src/Illuminate/Container/Container.php(754): Illuminate\\Container\\BoundMethod::call()\n#20 /home/caesar/Codelab/Web/WebProgrammingClass/Mzuzu-University-Weekend-Timetabling-System/vendor/laravel/framework/src/Illuminate/Bus/Dispatcher.php(132): Illuminate\\Container\\Container->call()\n#21 /home/caesar/Codelab/Web/WebProgrammingClass/Mzuzu-University-Weekend-Timetabling-System/vendor/laravel/framework/src/Illuminate/Pipeline/Pipeline.php(169): Illuminate\\Bus\\Dispatcher->{closure:Illuminate\\Bus\\Dispatcher::dispatchNow():129}()\n#22 /home/caesar/Codelab/Web/WebProgrammingClass/Mzuzu-University-Weekend-Timetabling-System/vendor/laravel/framework/src/Illuminate/Pipeline/Pipeline.php(126): Illuminate\\Pipeline\\Pipeline->{closure:Illuminate\\Pipeline\\Pipeline::prepareDestination():167}()\n#23 /home/caesar/Codelab/Web/WebProgrammingClass/Mzuzu-University-Weekend-Timetabling-System/vendor/laravel/framework/src/Illuminate/Bus/Dispatcher.php(136): Illuminate\\Pipeline\\Pipeline->then()\n#24 /home/caesar/Codelab/Web/WebProgrammingClass/Mzuzu-University-Weekend-Timetabling-System/vendor/laravel/framework/src/Illuminate/Queue/CallQueuedHandler.php(125): Illuminate\\Bus\\Dispatcher->dispatchNow()\n#25 /home/caesar/Codelab/Web/WebProgrammingClass/Mzuzu-University-Weekend-Timetabling-System/vendor/laravel/framework/src/Illuminate/Pipeline/Pipeline.php(169): Illuminate\\Queue\\CallQueuedHandler->{closure:Illuminate\\Queue\\CallQueuedHandler::dispatchThroughMiddleware():120}()\n#26 /home/caesar/Codelab/Web/WebProgrammingClass/Mzuzu-University-Weekend-Timetabling-System/vendor/laravel/framework/src/Illuminate/Pipeline/Pipeline.php(126): Illuminate\\Pipeline\\Pipeline->{closure:Illuminate\\Pipeline\\Pipeline::prepareDestination():167}()\n#27 /home/caesar/Codelab/Web/WebProgrammingClass/Mzuzu-University-Weekend-Timetabling-System/vendor/laravel/framework/src/Illuminate/Queue/CallQueuedHandler.php(120): Illuminate\\Pipeline\\Pipeline->then()\n#28 /home/caesar/Codelab/Web/WebProgrammingClass/Mzuzu-University-Weekend-Timetabling-System/vendor/laravel/framework/src/Illuminate/Queue/CallQueuedHandler.php(68): Illuminate\\Queue\\CallQueuedHandler->dispatchThroughMiddleware()\n#29 /home/caesar/Codelab/Web/WebProgrammingClass/Mzuzu-University-Weekend-Timetabling-System/vendor/laravel/framework/src/Illuminate/Queue/Jobs/Job.php(102): Illuminate\\Queue\\CallQueuedHandler->call()\n#30 /home/caesar/Codelab/Web/WebProgrammingClass/Mzuzu-University-Weekend-Timetabling-System/vendor/laravel/framework/src/Illuminate/Queue/Worker.php(444): Illuminate\\Queue\\Jobs\\Job->fire()\n#31 /home/caesar/Codelab/Web/WebProgrammingClass/Mzuzu-University-Weekend-Timetabling-System/vendor/laravel/framework/src/Illuminate/Queue/Worker.php(394): Illuminate\\Queue\\Worker->process()\n#32 /home/caesar/Codelab/Web/WebProgrammingClass/Mzuzu-University-Weekend-Timetabling-System/vendor/laravel/framework/src/Illuminate/Queue/Worker.php(180): Illuminate\\Queue\\Worker->runJob()\n#33 /home/caesar/Codelab/Web/WebProgrammingClass/Mzuzu-University-Weekend-Timetabling-System/vendor/laravel/framework/src/Illuminate/Queue/Console/WorkCommand.php(148): Illuminate\\Queue\\Worker->daemon()\n#34 /home/caesar/Codelab/Web/WebProgrammingClass/Mzuzu-University-Weekend-Timetabling-System/vendor/laravel/framework/src/Illuminate/Queue/Console/WorkCommand.php(131): Illuminate\\Queue\\Console\\WorkCommand->runWorker()\n#35 /home/caesar/Codelab/Web/WebProgrammingClass/Mzuzu-University-Weekend-Timetabling-System/vendor/laravel/framework/src/Illuminate/Container/BoundMethod.php(36): Illuminate\\Queue\\Console\\WorkCommand->handle()\n#36 /home/caesar/Codelab/Web/WebProgrammingClass/Mzuzu-University-Weekend-Timetabling-System/vendor/laravel/framework/src/Illuminate/Container/Util.php(43): Illuminate\\Container\\BoundMethod::{closure:Illuminate\\Container\\BoundMethod::call():35}()\n#37 /home/caesar/Codelab/Web/WebProgrammingClass/Mzuzu-University-Weekend-Timetabling-System/vendor/laravel/framework/src/Illuminate/Container/BoundMethod.php(96): Illuminate\\Container\\Util::unwrapIfClosure()\n#38 /home/caesar/Codelab/Web/WebProgrammingClass/Mzuzu-University-Weekend-Timetabling-System/vendor/laravel/framework/src/Illuminate/Container/BoundMethod.php(35): Illuminate\\Container\\BoundMethod::callBoundMethod()\n#39 /home/caesar/Codelab/Web/WebProgrammingClass/Mzuzu-University-Weekend-Timetabling-System/vendor/laravel/framework/src/Illuminate/Container/Container.php(754): Illuminate\\Container\\BoundMethod::call()\n#40 /home/caesar/Codelab/Web/WebProgrammingClass/Mzuzu-University-Weekend-Timetabling-System/vendor/laravel/framework/src/Illuminate/Console/Command.php(211): Illuminate\\Container\\Container->call()\n#41 /home/caesar/Codelab/Web/WebProgrammingClass/Mzuzu-University-Weekend-Timetabling-System/vendor/symfony/console/Command/Command.php(318): Illuminate\\Console\\Command->execute()\n#42 /home/caesar/Codelab/Web/WebProgrammingClass/Mzuzu-University-Weekend-Timetabling-System/vendor/laravel/framework/src/Illuminate/Console/Command.php(180): Symfony\\Component\\Console\\Command\\Command->run()\n#43 /home/caesar/Codelab/Web/WebProgrammingClass/Mzuzu-University-Weekend-Timetabling-System/vendor/symfony/console/Application.php(1092): Illuminate\\Console\\Command->run()\n#44 /home/caesar/Codelab/Web/WebProgrammingClass/Mzuzu-University-Weekend-Timetabling-System/vendor/symfony/console/Application.php(341): Symfony\\Component\\Console\\Application->doRunCommand()\n#45 /home/caesar/Codelab/Web/WebProgrammingClass/Mzuzu-University-Weekend-Timetabling-System/vendor/symfony/console/Application.php(192): Symfony\\Component\\Console\\Application->doRun()\n#46 /home/caesar/Codelab/Web/WebProgrammingClass/Mzuzu-University-Weekend-Timetabling-System/vendor/laravel/framework/src/Illuminate/Foundation/Console/Kernel.php(197): Symfony\\Component\\Console\\Application->run()\n#47 /home/caesar/Codelab/Web/WebProgrammingClass/Mzuzu-University-Weekend-Timetabling-System/vendor/laravel/framework/src/Illuminate/Foundation/Application.php(1234): Illuminate\\Foundation\\Console\\Kernel->handle()\n#48 /home/caesar/Codelab/Web/WebProgrammingClass/Mzuzu-University-Weekend-Timetabling-System/artisan(16): Illuminate\\Foundation\\Application->handleCommand()\n#49 {main}', '2025-06-30 12:30:52'),
(6, '8d0c9bcf-5df8-45b9-ab37-5a12ef89bd12', 'database', 'default', '{\"uuid\":\"8d0c9bcf-5df8-45b9-ab37-5a12ef89bd12\",\"displayName\":\"App\\\\Notifications\\\\TimetablePublished\",\"job\":\"Illuminate\\\\Queue\\\\CallQueuedHandler@call\",\"maxTries\":null,\"maxExceptions\":null,\"failOnTimeout\":false,\"backoff\":null,\"timeout\":null,\"retryUntil\":null,\"data\":{\"commandName\":\"Illuminate\\\\Notifications\\\\SendQueuedNotifications\",\"command\":\"O:48:\\\"Illuminate\\\\Notifications\\\\SendQueuedNotifications\\\":3:{s:11:\\\"notifiables\\\";O:45:\\\"Illuminate\\\\Contracts\\\\Database\\\\ModelIdentifier\\\":5:{s:5:\\\"class\\\";s:15:\\\"App\\\\Models\\\\User\\\";s:2:\\\"id\\\";a:1:{i:0;i:14;}s:9:\\\"relations\\\";a:0:{}s:10:\\\"connection\\\";s:5:\\\"mysql\\\";s:15:\\\"collectionClass\\\";N;}s:12:\\\"notification\\\";O:36:\\\"App\\\\Notifications\\\\TimetablePublished\\\":2:{s:12:\\\"versionLabel\\\";s:11:\\\"First Draft\\\";s:2:\\\"id\\\";s:36:\\\"793b4406-057b-4f2e-83db-639063cc0488\\\";}s:8:\\\"channels\\\";a:1:{i:0;s:4:\\\"mail\\\";}}\"},\"createdAt\":1751293848,\"delay\":null}', 'Symfony\\Component\\Mailer\\Exception\\TransportException: Connection could not be established with host \"127.0.0.1:1025\": stream_socket_client(): Unable to connect to 127.0.0.1:1025 (Connection refused) in /home/caesar/Codelab/Web/WebProgrammingClass/Mzuzu-University-Weekend-Timetabling-System/vendor/symfony/mailer/Transport/Smtp/Stream/SocketStream.php:154\nStack trace:\n#0 [internal function]: Symfony\\Component\\Mailer\\Transport\\Smtp\\Stream\\SocketStream->{closure:Symfony\\Component\\Mailer\\Transport\\Smtp\\Stream\\SocketStream::initialize():153}()\n#1 /home/caesar/Codelab/Web/WebProgrammingClass/Mzuzu-University-Weekend-Timetabling-System/vendor/symfony/mailer/Transport/Smtp/Stream/SocketStream.php(157): stream_socket_client()\n#2 /home/caesar/Codelab/Web/WebProgrammingClass/Mzuzu-University-Weekend-Timetabling-System/vendor/symfony/mailer/Transport/Smtp/SmtpTransport.php(279): Symfony\\Component\\Mailer\\Transport\\Smtp\\Stream\\SocketStream->initialize()\n#3 /home/caesar/Codelab/Web/WebProgrammingClass/Mzuzu-University-Weekend-Timetabling-System/vendor/symfony/mailer/Transport/Smtp/SmtpTransport.php(211): Symfony\\Component\\Mailer\\Transport\\Smtp\\SmtpTransport->start()\n#4 /home/caesar/Codelab/Web/WebProgrammingClass/Mzuzu-University-Weekend-Timetabling-System/vendor/symfony/mailer/Transport/AbstractTransport.php(69): Symfony\\Component\\Mailer\\Transport\\Smtp\\SmtpTransport->doSend()\n#5 /home/caesar/Codelab/Web/WebProgrammingClass/Mzuzu-University-Weekend-Timetabling-System/vendor/symfony/mailer/Transport/Smtp/SmtpTransport.php(138): Symfony\\Component\\Mailer\\Transport\\AbstractTransport->send()\n#6 /home/caesar/Codelab/Web/WebProgrammingClass/Mzuzu-University-Weekend-Timetabling-System/vendor/laravel/framework/src/Illuminate/Mail/Mailer.php(584): Symfony\\Component\\Mailer\\Transport\\Smtp\\SmtpTransport->send()\n#7 /home/caesar/Codelab/Web/WebProgrammingClass/Mzuzu-University-Weekend-Timetabling-System/vendor/laravel/framework/src/Illuminate/Mail/Mailer.php(331): Illuminate\\Mail\\Mailer->sendSymfonyMessage()\n#8 /home/caesar/Codelab/Web/WebProgrammingClass/Mzuzu-University-Weekend-Timetabling-System/vendor/laravel/framework/src/Illuminate/Notifications/Channels/MailChannel.php(66): Illuminate\\Mail\\Mailer->send()\n#9 /home/caesar/Codelab/Web/WebProgrammingClass/Mzuzu-University-Weekend-Timetabling-System/vendor/laravel/framework/src/Illuminate/Notifications/NotificationSender.php(159): Illuminate\\Notifications\\Channels\\MailChannel->send()\n#10 /home/caesar/Codelab/Web/WebProgrammingClass/Mzuzu-University-Weekend-Timetabling-System/vendor/laravel/framework/src/Illuminate/Notifications/NotificationSender.php(116): Illuminate\\Notifications\\NotificationSender->sendToNotifiable()\n#11 /home/caesar/Codelab/Web/WebProgrammingClass/Mzuzu-University-Weekend-Timetabling-System/vendor/laravel/framework/src/Illuminate/Support/Traits/Localizable.php(19): Illuminate\\Notifications\\NotificationSender->{closure:Illuminate\\Notifications\\NotificationSender::sendNow():111}()\n#12 /home/caesar/Codelab/Web/WebProgrammingClass/Mzuzu-University-Weekend-Timetabling-System/vendor/laravel/framework/src/Illuminate/Notifications/NotificationSender.php(111): Illuminate\\Notifications\\NotificationSender->withLocale()\n#13 /home/caesar/Codelab/Web/WebProgrammingClass/Mzuzu-University-Weekend-Timetabling-System/vendor/laravel/framework/src/Illuminate/Notifications/ChannelManager.php(54): Illuminate\\Notifications\\NotificationSender->sendNow()\n#14 /home/caesar/Codelab/Web/WebProgrammingClass/Mzuzu-University-Weekend-Timetabling-System/vendor/laravel/framework/src/Illuminate/Notifications/SendQueuedNotifications.php(118): Illuminate\\Notifications\\ChannelManager->sendNow()\n#15 /home/caesar/Codelab/Web/WebProgrammingClass/Mzuzu-University-Weekend-Timetabling-System/vendor/laravel/framework/src/Illuminate/Container/BoundMethod.php(36): Illuminate\\Notifications\\SendQueuedNotifications->handle()\n#16 /home/caesar/Codelab/Web/WebProgrammingClass/Mzuzu-University-Weekend-Timetabling-System/vendor/laravel/framework/src/Illuminate/Container/Util.php(43): Illuminate\\Container\\BoundMethod::{closure:Illuminate\\Container\\BoundMethod::call():35}()\n#17 /home/caesar/Codelab/Web/WebProgrammingClass/Mzuzu-University-Weekend-Timetabling-System/vendor/laravel/framework/src/Illuminate/Container/BoundMethod.php(96): Illuminate\\Container\\Util::unwrapIfClosure()\n#18 /home/caesar/Codelab/Web/WebProgrammingClass/Mzuzu-University-Weekend-Timetabling-System/vendor/laravel/framework/src/Illuminate/Container/BoundMethod.php(35): Illuminate\\Container\\BoundMethod::callBoundMethod()\n#19 /home/caesar/Codelab/Web/WebProgrammingClass/Mzuzu-University-Weekend-Timetabling-System/vendor/laravel/framework/src/Illuminate/Container/Container.php(754): Illuminate\\Container\\BoundMethod::call()\n#20 /home/caesar/Codelab/Web/WebProgrammingClass/Mzuzu-University-Weekend-Timetabling-System/vendor/laravel/framework/src/Illuminate/Bus/Dispatcher.php(132): Illuminate\\Container\\Container->call()\n#21 /home/caesar/Codelab/Web/WebProgrammingClass/Mzuzu-University-Weekend-Timetabling-System/vendor/laravel/framework/src/Illuminate/Pipeline/Pipeline.php(169): Illuminate\\Bus\\Dispatcher->{closure:Illuminate\\Bus\\Dispatcher::dispatchNow():129}()\n#22 /home/caesar/Codelab/Web/WebProgrammingClass/Mzuzu-University-Weekend-Timetabling-System/vendor/laravel/framework/src/Illuminate/Pipeline/Pipeline.php(126): Illuminate\\Pipeline\\Pipeline->{closure:Illuminate\\Pipeline\\Pipeline::prepareDestination():167}()\n#23 /home/caesar/Codelab/Web/WebProgrammingClass/Mzuzu-University-Weekend-Timetabling-System/vendor/laravel/framework/src/Illuminate/Bus/Dispatcher.php(136): Illuminate\\Pipeline\\Pipeline->then()\n#24 /home/caesar/Codelab/Web/WebProgrammingClass/Mzuzu-University-Weekend-Timetabling-System/vendor/laravel/framework/src/Illuminate/Queue/CallQueuedHandler.php(125): Illuminate\\Bus\\Dispatcher->dispatchNow()\n#25 /home/caesar/Codelab/Web/WebProgrammingClass/Mzuzu-University-Weekend-Timetabling-System/vendor/laravel/framework/src/Illuminate/Pipeline/Pipeline.php(169): Illuminate\\Queue\\CallQueuedHandler->{closure:Illuminate\\Queue\\CallQueuedHandler::dispatchThroughMiddleware():120}()\n#26 /home/caesar/Codelab/Web/WebProgrammingClass/Mzuzu-University-Weekend-Timetabling-System/vendor/laravel/framework/src/Illuminate/Pipeline/Pipeline.php(126): Illuminate\\Pipeline\\Pipeline->{closure:Illuminate\\Pipeline\\Pipeline::prepareDestination():167}()\n#27 /home/caesar/Codelab/Web/WebProgrammingClass/Mzuzu-University-Weekend-Timetabling-System/vendor/laravel/framework/src/Illuminate/Queue/CallQueuedHandler.php(120): Illuminate\\Pipeline\\Pipeline->then()\n#28 /home/caesar/Codelab/Web/WebProgrammingClass/Mzuzu-University-Weekend-Timetabling-System/vendor/laravel/framework/src/Illuminate/Queue/CallQueuedHandler.php(68): Illuminate\\Queue\\CallQueuedHandler->dispatchThroughMiddleware()\n#29 /home/caesar/Codelab/Web/WebProgrammingClass/Mzuzu-University-Weekend-Timetabling-System/vendor/laravel/framework/src/Illuminate/Queue/Jobs/Job.php(102): Illuminate\\Queue\\CallQueuedHandler->call()\n#30 /home/caesar/Codelab/Web/WebProgrammingClass/Mzuzu-University-Weekend-Timetabling-System/vendor/laravel/framework/src/Illuminate/Queue/Worker.php(444): Illuminate\\Queue\\Jobs\\Job->fire()\n#31 /home/caesar/Codelab/Web/WebProgrammingClass/Mzuzu-University-Weekend-Timetabling-System/vendor/laravel/framework/src/Illuminate/Queue/Worker.php(394): Illuminate\\Queue\\Worker->process()\n#32 /home/caesar/Codelab/Web/WebProgrammingClass/Mzuzu-University-Weekend-Timetabling-System/vendor/laravel/framework/src/Illuminate/Queue/Worker.php(180): Illuminate\\Queue\\Worker->runJob()\n#33 /home/caesar/Codelab/Web/WebProgrammingClass/Mzuzu-University-Weekend-Timetabling-System/vendor/laravel/framework/src/Illuminate/Queue/Console/WorkCommand.php(148): Illuminate\\Queue\\Worker->daemon()\n#34 /home/caesar/Codelab/Web/WebProgrammingClass/Mzuzu-University-Weekend-Timetabling-System/vendor/laravel/framework/src/Illuminate/Queue/Console/WorkCommand.php(131): Illuminate\\Queue\\Console\\WorkCommand->runWorker()\n#35 /home/caesar/Codelab/Web/WebProgrammingClass/Mzuzu-University-Weekend-Timetabling-System/vendor/laravel/framework/src/Illuminate/Container/BoundMethod.php(36): Illuminate\\Queue\\Console\\WorkCommand->handle()\n#36 /home/caesar/Codelab/Web/WebProgrammingClass/Mzuzu-University-Weekend-Timetabling-System/vendor/laravel/framework/src/Illuminate/Container/Util.php(43): Illuminate\\Container\\BoundMethod::{closure:Illuminate\\Container\\BoundMethod::call():35}()\n#37 /home/caesar/Codelab/Web/WebProgrammingClass/Mzuzu-University-Weekend-Timetabling-System/vendor/laravel/framework/src/Illuminate/Container/BoundMethod.php(96): Illuminate\\Container\\Util::unwrapIfClosure()\n#38 /home/caesar/Codelab/Web/WebProgrammingClass/Mzuzu-University-Weekend-Timetabling-System/vendor/laravel/framework/src/Illuminate/Container/BoundMethod.php(35): Illuminate\\Container\\BoundMethod::callBoundMethod()\n#39 /home/caesar/Codelab/Web/WebProgrammingClass/Mzuzu-University-Weekend-Timetabling-System/vendor/laravel/framework/src/Illuminate/Container/Container.php(754): Illuminate\\Container\\BoundMethod::call()\n#40 /home/caesar/Codelab/Web/WebProgrammingClass/Mzuzu-University-Weekend-Timetabling-System/vendor/laravel/framework/src/Illuminate/Console/Command.php(211): Illuminate\\Container\\Container->call()\n#41 /home/caesar/Codelab/Web/WebProgrammingClass/Mzuzu-University-Weekend-Timetabling-System/vendor/symfony/console/Command/Command.php(318): Illuminate\\Console\\Command->execute()\n#42 /home/caesar/Codelab/Web/WebProgrammingClass/Mzuzu-University-Weekend-Timetabling-System/vendor/laravel/framework/src/Illuminate/Console/Command.php(180): Symfony\\Component\\Console\\Command\\Command->run()\n#43 /home/caesar/Codelab/Web/WebProgrammingClass/Mzuzu-University-Weekend-Timetabling-System/vendor/symfony/console/Application.php(1092): Illuminate\\Console\\Command->run()\n#44 /home/caesar/Codelab/Web/WebProgrammingClass/Mzuzu-University-Weekend-Timetabling-System/vendor/symfony/console/Application.php(341): Symfony\\Component\\Console\\Application->doRunCommand()\n#45 /home/caesar/Codelab/Web/WebProgrammingClass/Mzuzu-University-Weekend-Timetabling-System/vendor/symfony/console/Application.php(192): Symfony\\Component\\Console\\Application->doRun()\n#46 /home/caesar/Codelab/Web/WebProgrammingClass/Mzuzu-University-Weekend-Timetabling-System/vendor/laravel/framework/src/Illuminate/Foundation/Console/Kernel.php(197): Symfony\\Component\\Console\\Application->run()\n#47 /home/caesar/Codelab/Web/WebProgrammingClass/Mzuzu-University-Weekend-Timetabling-System/vendor/laravel/framework/src/Illuminate/Foundation/Application.php(1234): Illuminate\\Foundation\\Console\\Kernel->handle()\n#48 /home/caesar/Codelab/Web/WebProgrammingClass/Mzuzu-University-Weekend-Timetabling-System/artisan(16): Illuminate\\Foundation\\Application->handleCommand()\n#49 {main}', '2025-06-30 12:30:52'),
(7, '83e84e26-c9f2-41b7-a60f-be1acefd8734', 'database', 'default', '{\"uuid\":\"83e84e26-c9f2-41b7-a60f-be1acefd8734\",\"displayName\":\"App\\\\Notifications\\\\TimetablePublished\",\"job\":\"Illuminate\\\\Queue\\\\CallQueuedHandler@call\",\"maxTries\":null,\"maxExceptions\":null,\"failOnTimeout\":false,\"backoff\":null,\"timeout\":null,\"retryUntil\":null,\"data\":{\"commandName\":\"Illuminate\\\\Notifications\\\\SendQueuedNotifications\",\"command\":\"O:48:\\\"Illuminate\\\\Notifications\\\\SendQueuedNotifications\\\":3:{s:11:\\\"notifiables\\\";O:45:\\\"Illuminate\\\\Contracts\\\\Database\\\\ModelIdentifier\\\":5:{s:5:\\\"class\\\";s:15:\\\"App\\\\Models\\\\User\\\";s:2:\\\"id\\\";a:1:{i:0;i:13;}s:9:\\\"relations\\\";a:0:{}s:10:\\\"connection\\\";s:5:\\\"mysql\\\";s:15:\\\"collectionClass\\\";N;}s:12:\\\"notification\\\";O:36:\\\"App\\\\Notifications\\\\TimetablePublished\\\":2:{s:12:\\\"versionLabel\\\";s:11:\\\"First Draft\\\";s:2:\\\"id\\\";s:36:\\\"2c5d081c-67d4-4098-b663-5bc87590bac5\\\";}s:8:\\\"channels\\\";a:1:{i:0;s:4:\\\"mail\\\";}}\"},\"createdAt\":1751293848,\"delay\":null}', 'Symfony\\Component\\Mailer\\Exception\\TransportException: Connection could not be established with host \"127.0.0.1:1025\": stream_socket_client(): Unable to connect to 127.0.0.1:1025 (Connection refused) in /home/caesar/Codelab/Web/WebProgrammingClass/Mzuzu-University-Weekend-Timetabling-System/vendor/symfony/mailer/Transport/Smtp/Stream/SocketStream.php:154\nStack trace:\n#0 [internal function]: Symfony\\Component\\Mailer\\Transport\\Smtp\\Stream\\SocketStream->{closure:Symfony\\Component\\Mailer\\Transport\\Smtp\\Stream\\SocketStream::initialize():153}()\n#1 /home/caesar/Codelab/Web/WebProgrammingClass/Mzuzu-University-Weekend-Timetabling-System/vendor/symfony/mailer/Transport/Smtp/Stream/SocketStream.php(157): stream_socket_client()\n#2 /home/caesar/Codelab/Web/WebProgrammingClass/Mzuzu-University-Weekend-Timetabling-System/vendor/symfony/mailer/Transport/Smtp/SmtpTransport.php(279): Symfony\\Component\\Mailer\\Transport\\Smtp\\Stream\\SocketStream->initialize()\n#3 /home/caesar/Codelab/Web/WebProgrammingClass/Mzuzu-University-Weekend-Timetabling-System/vendor/symfony/mailer/Transport/Smtp/SmtpTransport.php(211): Symfony\\Component\\Mailer\\Transport\\Smtp\\SmtpTransport->start()\n#4 /home/caesar/Codelab/Web/WebProgrammingClass/Mzuzu-University-Weekend-Timetabling-System/vendor/symfony/mailer/Transport/AbstractTransport.php(69): Symfony\\Component\\Mailer\\Transport\\Smtp\\SmtpTransport->doSend()\n#5 /home/caesar/Codelab/Web/WebProgrammingClass/Mzuzu-University-Weekend-Timetabling-System/vendor/symfony/mailer/Transport/Smtp/SmtpTransport.php(138): Symfony\\Component\\Mailer\\Transport\\AbstractTransport->send()\n#6 /home/caesar/Codelab/Web/WebProgrammingClass/Mzuzu-University-Weekend-Timetabling-System/vendor/laravel/framework/src/Illuminate/Mail/Mailer.php(584): Symfony\\Component\\Mailer\\Transport\\Smtp\\SmtpTransport->send()\n#7 /home/caesar/Codelab/Web/WebProgrammingClass/Mzuzu-University-Weekend-Timetabling-System/vendor/laravel/framework/src/Illuminate/Mail/Mailer.php(331): Illuminate\\Mail\\Mailer->sendSymfonyMessage()\n#8 /home/caesar/Codelab/Web/WebProgrammingClass/Mzuzu-University-Weekend-Timetabling-System/vendor/laravel/framework/src/Illuminate/Notifications/Channels/MailChannel.php(66): Illuminate\\Mail\\Mailer->send()\n#9 /home/caesar/Codelab/Web/WebProgrammingClass/Mzuzu-University-Weekend-Timetabling-System/vendor/laravel/framework/src/Illuminate/Notifications/NotificationSender.php(159): Illuminate\\Notifications\\Channels\\MailChannel->send()\n#10 /home/caesar/Codelab/Web/WebProgrammingClass/Mzuzu-University-Weekend-Timetabling-System/vendor/laravel/framework/src/Illuminate/Notifications/NotificationSender.php(116): Illuminate\\Notifications\\NotificationSender->sendToNotifiable()\n#11 /home/caesar/Codelab/Web/WebProgrammingClass/Mzuzu-University-Weekend-Timetabling-System/vendor/laravel/framework/src/Illuminate/Support/Traits/Localizable.php(19): Illuminate\\Notifications\\NotificationSender->{closure:Illuminate\\Notifications\\NotificationSender::sendNow():111}()\n#12 /home/caesar/Codelab/Web/WebProgrammingClass/Mzuzu-University-Weekend-Timetabling-System/vendor/laravel/framework/src/Illuminate/Notifications/NotificationSender.php(111): Illuminate\\Notifications\\NotificationSender->withLocale()\n#13 /home/caesar/Codelab/Web/WebProgrammingClass/Mzuzu-University-Weekend-Timetabling-System/vendor/laravel/framework/src/Illuminate/Notifications/ChannelManager.php(54): Illuminate\\Notifications\\NotificationSender->sendNow()\n#14 /home/caesar/Codelab/Web/WebProgrammingClass/Mzuzu-University-Weekend-Timetabling-System/vendor/laravel/framework/src/Illuminate/Notifications/SendQueuedNotifications.php(118): Illuminate\\Notifications\\ChannelManager->sendNow()\n#15 /home/caesar/Codelab/Web/WebProgrammingClass/Mzuzu-University-Weekend-Timetabling-System/vendor/laravel/framework/src/Illuminate/Container/BoundMethod.php(36): Illuminate\\Notifications\\SendQueuedNotifications->handle()\n#16 /home/caesar/Codelab/Web/WebProgrammingClass/Mzuzu-University-Weekend-Timetabling-System/vendor/laravel/framework/src/Illuminate/Container/Util.php(43): Illuminate\\Container\\BoundMethod::{closure:Illuminate\\Container\\BoundMethod::call():35}()\n#17 /home/caesar/Codelab/Web/WebProgrammingClass/Mzuzu-University-Weekend-Timetabling-System/vendor/laravel/framework/src/Illuminate/Container/BoundMethod.php(96): Illuminate\\Container\\Util::unwrapIfClosure()\n#18 /home/caesar/Codelab/Web/WebProgrammingClass/Mzuzu-University-Weekend-Timetabling-System/vendor/laravel/framework/src/Illuminate/Container/BoundMethod.php(35): Illuminate\\Container\\BoundMethod::callBoundMethod()\n#19 /home/caesar/Codelab/Web/WebProgrammingClass/Mzuzu-University-Weekend-Timetabling-System/vendor/laravel/framework/src/Illuminate/Container/Container.php(754): Illuminate\\Container\\BoundMethod::call()\n#20 /home/caesar/Codelab/Web/WebProgrammingClass/Mzuzu-University-Weekend-Timetabling-System/vendor/laravel/framework/src/Illuminate/Bus/Dispatcher.php(132): Illuminate\\Container\\Container->call()\n#21 /home/caesar/Codelab/Web/WebProgrammingClass/Mzuzu-University-Weekend-Timetabling-System/vendor/laravel/framework/src/Illuminate/Pipeline/Pipeline.php(169): Illuminate\\Bus\\Dispatcher->{closure:Illuminate\\Bus\\Dispatcher::dispatchNow():129}()\n#22 /home/caesar/Codelab/Web/WebProgrammingClass/Mzuzu-University-Weekend-Timetabling-System/vendor/laravel/framework/src/Illuminate/Pipeline/Pipeline.php(126): Illuminate\\Pipeline\\Pipeline->{closure:Illuminate\\Pipeline\\Pipeline::prepareDestination():167}()\n#23 /home/caesar/Codelab/Web/WebProgrammingClass/Mzuzu-University-Weekend-Timetabling-System/vendor/laravel/framework/src/Illuminate/Bus/Dispatcher.php(136): Illuminate\\Pipeline\\Pipeline->then()\n#24 /home/caesar/Codelab/Web/WebProgrammingClass/Mzuzu-University-Weekend-Timetabling-System/vendor/laravel/framework/src/Illuminate/Queue/CallQueuedHandler.php(125): Illuminate\\Bus\\Dispatcher->dispatchNow()\n#25 /home/caesar/Codelab/Web/WebProgrammingClass/Mzuzu-University-Weekend-Timetabling-System/vendor/laravel/framework/src/Illuminate/Pipeline/Pipeline.php(169): Illuminate\\Queue\\CallQueuedHandler->{closure:Illuminate\\Queue\\CallQueuedHandler::dispatchThroughMiddleware():120}()\n#26 /home/caesar/Codelab/Web/WebProgrammingClass/Mzuzu-University-Weekend-Timetabling-System/vendor/laravel/framework/src/Illuminate/Pipeline/Pipeline.php(126): Illuminate\\Pipeline\\Pipeline->{closure:Illuminate\\Pipeline\\Pipeline::prepareDestination():167}()\n#27 /home/caesar/Codelab/Web/WebProgrammingClass/Mzuzu-University-Weekend-Timetabling-System/vendor/laravel/framework/src/Illuminate/Queue/CallQueuedHandler.php(120): Illuminate\\Pipeline\\Pipeline->then()\n#28 /home/caesar/Codelab/Web/WebProgrammingClass/Mzuzu-University-Weekend-Timetabling-System/vendor/laravel/framework/src/Illuminate/Queue/CallQueuedHandler.php(68): Illuminate\\Queue\\CallQueuedHandler->dispatchThroughMiddleware()\n#29 /home/caesar/Codelab/Web/WebProgrammingClass/Mzuzu-University-Weekend-Timetabling-System/vendor/laravel/framework/src/Illuminate/Queue/Jobs/Job.php(102): Illuminate\\Queue\\CallQueuedHandler->call()\n#30 /home/caesar/Codelab/Web/WebProgrammingClass/Mzuzu-University-Weekend-Timetabling-System/vendor/laravel/framework/src/Illuminate/Queue/Worker.php(444): Illuminate\\Queue\\Jobs\\Job->fire()\n#31 /home/caesar/Codelab/Web/WebProgrammingClass/Mzuzu-University-Weekend-Timetabling-System/vendor/laravel/framework/src/Illuminate/Queue/Worker.php(394): Illuminate\\Queue\\Worker->process()\n#32 /home/caesar/Codelab/Web/WebProgrammingClass/Mzuzu-University-Weekend-Timetabling-System/vendor/laravel/framework/src/Illuminate/Queue/Worker.php(337): Illuminate\\Queue\\Worker->runJob()\n#33 /home/caesar/Codelab/Web/WebProgrammingClass/Mzuzu-University-Weekend-Timetabling-System/vendor/laravel/framework/src/Illuminate/Queue/Console/WorkCommand.php(148): Illuminate\\Queue\\Worker->runNextJob()\n#34 /home/caesar/Codelab/Web/WebProgrammingClass/Mzuzu-University-Weekend-Timetabling-System/vendor/laravel/framework/src/Illuminate/Queue/Console/WorkCommand.php(131): Illuminate\\Queue\\Console\\WorkCommand->runWorker()\n#35 /home/caesar/Codelab/Web/WebProgrammingClass/Mzuzu-University-Weekend-Timetabling-System/vendor/laravel/framework/src/Illuminate/Container/BoundMethod.php(36): Illuminate\\Queue\\Console\\WorkCommand->handle()\n#36 /home/caesar/Codelab/Web/WebProgrammingClass/Mzuzu-University-Weekend-Timetabling-System/vendor/laravel/framework/src/Illuminate/Container/Util.php(43): Illuminate\\Container\\BoundMethod::{closure:Illuminate\\Container\\BoundMethod::call():35}()\n#37 /home/caesar/Codelab/Web/WebProgrammingClass/Mzuzu-University-Weekend-Timetabling-System/vendor/laravel/framework/src/Illuminate/Container/BoundMethod.php(96): Illuminate\\Container\\Util::unwrapIfClosure()\n#38 /home/caesar/Codelab/Web/WebProgrammingClass/Mzuzu-University-Weekend-Timetabling-System/vendor/laravel/framework/src/Illuminate/Container/BoundMethod.php(35): Illuminate\\Container\\BoundMethod::callBoundMethod()\n#39 /home/caesar/Codelab/Web/WebProgrammingClass/Mzuzu-University-Weekend-Timetabling-System/vendor/laravel/framework/src/Illuminate/Container/Container.php(754): Illuminate\\Container\\BoundMethod::call()\n#40 /home/caesar/Codelab/Web/WebProgrammingClass/Mzuzu-University-Weekend-Timetabling-System/vendor/laravel/framework/src/Illuminate/Console/Command.php(211): Illuminate\\Container\\Container->call()\n#41 /home/caesar/Codelab/Web/WebProgrammingClass/Mzuzu-University-Weekend-Timetabling-System/vendor/symfony/console/Command/Command.php(318): Illuminate\\Console\\Command->execute()\n#42 /home/caesar/Codelab/Web/WebProgrammingClass/Mzuzu-University-Weekend-Timetabling-System/vendor/laravel/framework/src/Illuminate/Console/Command.php(180): Symfony\\Component\\Console\\Command\\Command->run()\n#43 /home/caesar/Codelab/Web/WebProgrammingClass/Mzuzu-University-Weekend-Timetabling-System/vendor/symfony/console/Application.php(1092): Illuminate\\Console\\Command->run()\n#44 /home/caesar/Codelab/Web/WebProgrammingClass/Mzuzu-University-Weekend-Timetabling-System/vendor/symfony/console/Application.php(341): Symfony\\Component\\Console\\Application->doRunCommand()\n#45 /home/caesar/Codelab/Web/WebProgrammingClass/Mzuzu-University-Weekend-Timetabling-System/vendor/symfony/console/Application.php(192): Symfony\\Component\\Console\\Application->doRun()\n#46 /home/caesar/Codelab/Web/WebProgrammingClass/Mzuzu-University-Weekend-Timetabling-System/vendor/laravel/framework/src/Illuminate/Foundation/Console/Kernel.php(197): Symfony\\Component\\Console\\Application->run()\n#47 /home/caesar/Codelab/Web/WebProgrammingClass/Mzuzu-University-Weekend-Timetabling-System/vendor/laravel/framework/src/Illuminate/Foundation/Application.php(1234): Illuminate\\Foundation\\Console\\Kernel->handle()\n#48 /home/caesar/Codelab/Web/WebProgrammingClass/Mzuzu-University-Weekend-Timetabling-System/artisan(16): Illuminate\\Foundation\\Application->handleCommand()\n#49 {main}', '2025-06-30 12:30:52'),
(8, '8672cb08-41a5-4028-828c-ff7e698e3ebb', 'database', 'default', '{\"uuid\":\"8672cb08-41a5-4028-828c-ff7e698e3ebb\",\"displayName\":\"App\\\\Notifications\\\\TimetablePublished\",\"job\":\"Illuminate\\\\Queue\\\\CallQueuedHandler@call\",\"maxTries\":null,\"maxExceptions\":null,\"failOnTimeout\":false,\"backoff\":null,\"timeout\":null,\"retryUntil\":null,\"data\":{\"commandName\":\"Illuminate\\\\Notifications\\\\SendQueuedNotifications\",\"command\":\"O:48:\\\"Illuminate\\\\Notifications\\\\SendQueuedNotifications\\\":3:{s:11:\\\"notifiables\\\";O:45:\\\"Illuminate\\\\Contracts\\\\Database\\\\ModelIdentifier\\\":5:{s:5:\\\"class\\\";s:15:\\\"App\\\\Models\\\\User\\\";s:2:\\\"id\\\";a:1:{i:0;i:15;}s:9:\\\"relations\\\";a:0:{}s:10:\\\"connection\\\";s:5:\\\"mysql\\\";s:15:\\\"collectionClass\\\";N;}s:12:\\\"notification\\\";O:36:\\\"App\\\\Notifications\\\\TimetablePublished\\\":2:{s:12:\\\"versionLabel\\\";s:11:\\\"First Draft\\\";s:2:\\\"id\\\";s:36:\\\"05648f35-4b99-458b-bbf5-5d55bf8b62de\\\";}s:8:\\\"channels\\\";a:1:{i:0;s:4:\\\"mail\\\";}}\"},\"createdAt\":1751293848,\"delay\":null}', 'Symfony\\Component\\Mailer\\Exception\\TransportException: Connection could not be established with host \"127.0.0.1:1025\": stream_socket_client(): Unable to connect to 127.0.0.1:1025 (Connection refused) in /home/caesar/Codelab/Web/WebProgrammingClass/Mzuzu-University-Weekend-Timetabling-System/vendor/symfony/mailer/Transport/Smtp/Stream/SocketStream.php:154\nStack trace:\n#0 [internal function]: Symfony\\Component\\Mailer\\Transport\\Smtp\\Stream\\SocketStream->{closure:Symfony\\Component\\Mailer\\Transport\\Smtp\\Stream\\SocketStream::initialize():153}()\n#1 /home/caesar/Codelab/Web/WebProgrammingClass/Mzuzu-University-Weekend-Timetabling-System/vendor/symfony/mailer/Transport/Smtp/Stream/SocketStream.php(157): stream_socket_client()\n#2 /home/caesar/Codelab/Web/WebProgrammingClass/Mzuzu-University-Weekend-Timetabling-System/vendor/symfony/mailer/Transport/Smtp/SmtpTransport.php(279): Symfony\\Component\\Mailer\\Transport\\Smtp\\Stream\\SocketStream->initialize()\n#3 /home/caesar/Codelab/Web/WebProgrammingClass/Mzuzu-University-Weekend-Timetabling-System/vendor/symfony/mailer/Transport/Smtp/SmtpTransport.php(211): Symfony\\Component\\Mailer\\Transport\\Smtp\\SmtpTransport->start()\n#4 /home/caesar/Codelab/Web/WebProgrammingClass/Mzuzu-University-Weekend-Timetabling-System/vendor/symfony/mailer/Transport/AbstractTransport.php(69): Symfony\\Component\\Mailer\\Transport\\Smtp\\SmtpTransport->doSend()\n#5 /home/caesar/Codelab/Web/WebProgrammingClass/Mzuzu-University-Weekend-Timetabling-System/vendor/symfony/mailer/Transport/Smtp/SmtpTransport.php(138): Symfony\\Component\\Mailer\\Transport\\AbstractTransport->send()\n#6 /home/caesar/Codelab/Web/WebProgrammingClass/Mzuzu-University-Weekend-Timetabling-System/vendor/laravel/framework/src/Illuminate/Mail/Mailer.php(584): Symfony\\Component\\Mailer\\Transport\\Smtp\\SmtpTransport->send()\n#7 /home/caesar/Codelab/Web/WebProgrammingClass/Mzuzu-University-Weekend-Timetabling-System/vendor/laravel/framework/src/Illuminate/Mail/Mailer.php(331): Illuminate\\Mail\\Mailer->sendSymfonyMessage()\n#8 /home/caesar/Codelab/Web/WebProgrammingClass/Mzuzu-University-Weekend-Timetabling-System/vendor/laravel/framework/src/Illuminate/Notifications/Channels/MailChannel.php(66): Illuminate\\Mail\\Mailer->send()\n#9 /home/caesar/Codelab/Web/WebProgrammingClass/Mzuzu-University-Weekend-Timetabling-System/vendor/laravel/framework/src/Illuminate/Notifications/NotificationSender.php(159): Illuminate\\Notifications\\Channels\\MailChannel->send()\n#10 /home/caesar/Codelab/Web/WebProgrammingClass/Mzuzu-University-Weekend-Timetabling-System/vendor/laravel/framework/src/Illuminate/Notifications/NotificationSender.php(116): Illuminate\\Notifications\\NotificationSender->sendToNotifiable()\n#11 /home/caesar/Codelab/Web/WebProgrammingClass/Mzuzu-University-Weekend-Timetabling-System/vendor/laravel/framework/src/Illuminate/Support/Traits/Localizable.php(19): Illuminate\\Notifications\\NotificationSender->{closure:Illuminate\\Notifications\\NotificationSender::sendNow():111}()\n#12 /home/caesar/Codelab/Web/WebProgrammingClass/Mzuzu-University-Weekend-Timetabling-System/vendor/laravel/framework/src/Illuminate/Notifications/NotificationSender.php(111): Illuminate\\Notifications\\NotificationSender->withLocale()\n#13 /home/caesar/Codelab/Web/WebProgrammingClass/Mzuzu-University-Weekend-Timetabling-System/vendor/laravel/framework/src/Illuminate/Notifications/ChannelManager.php(54): Illuminate\\Notifications\\NotificationSender->sendNow()\n#14 /home/caesar/Codelab/Web/WebProgrammingClass/Mzuzu-University-Weekend-Timetabling-System/vendor/laravel/framework/src/Illuminate/Notifications/SendQueuedNotifications.php(118): Illuminate\\Notifications\\ChannelManager->sendNow()\n#15 /home/caesar/Codelab/Web/WebProgrammingClass/Mzuzu-University-Weekend-Timetabling-System/vendor/laravel/framework/src/Illuminate/Container/BoundMethod.php(36): Illuminate\\Notifications\\SendQueuedNotifications->handle()\n#16 /home/caesar/Codelab/Web/WebProgrammingClass/Mzuzu-University-Weekend-Timetabling-System/vendor/laravel/framework/src/Illuminate/Container/Util.php(43): Illuminate\\Container\\BoundMethod::{closure:Illuminate\\Container\\BoundMethod::call():35}()\n#17 /home/caesar/Codelab/Web/WebProgrammingClass/Mzuzu-University-Weekend-Timetabling-System/vendor/laravel/framework/src/Illuminate/Container/BoundMethod.php(96): Illuminate\\Container\\Util::unwrapIfClosure()\n#18 /home/caesar/Codelab/Web/WebProgrammingClass/Mzuzu-University-Weekend-Timetabling-System/vendor/laravel/framework/src/Illuminate/Container/BoundMethod.php(35): Illuminate\\Container\\BoundMethod::callBoundMethod()\n#19 /home/caesar/Codelab/Web/WebProgrammingClass/Mzuzu-University-Weekend-Timetabling-System/vendor/laravel/framework/src/Illuminate/Container/Container.php(754): Illuminate\\Container\\BoundMethod::call()\n#20 /home/caesar/Codelab/Web/WebProgrammingClass/Mzuzu-University-Weekend-Timetabling-System/vendor/laravel/framework/src/Illuminate/Bus/Dispatcher.php(132): Illuminate\\Container\\Container->call()\n#21 /home/caesar/Codelab/Web/WebProgrammingClass/Mzuzu-University-Weekend-Timetabling-System/vendor/laravel/framework/src/Illuminate/Pipeline/Pipeline.php(169): Illuminate\\Bus\\Dispatcher->{closure:Illuminate\\Bus\\Dispatcher::dispatchNow():129}()\n#22 /home/caesar/Codelab/Web/WebProgrammingClass/Mzuzu-University-Weekend-Timetabling-System/vendor/laravel/framework/src/Illuminate/Pipeline/Pipeline.php(126): Illuminate\\Pipeline\\Pipeline->{closure:Illuminate\\Pipeline\\Pipeline::prepareDestination():167}()\n#23 /home/caesar/Codelab/Web/WebProgrammingClass/Mzuzu-University-Weekend-Timetabling-System/vendor/laravel/framework/src/Illuminate/Bus/Dispatcher.php(136): Illuminate\\Pipeline\\Pipeline->then()\n#24 /home/caesar/Codelab/Web/WebProgrammingClass/Mzuzu-University-Weekend-Timetabling-System/vendor/laravel/framework/src/Illuminate/Queue/CallQueuedHandler.php(125): Illuminate\\Bus\\Dispatcher->dispatchNow()\n#25 /home/caesar/Codelab/Web/WebProgrammingClass/Mzuzu-University-Weekend-Timetabling-System/vendor/laravel/framework/src/Illuminate/Pipeline/Pipeline.php(169): Illuminate\\Queue\\CallQueuedHandler->{closure:Illuminate\\Queue\\CallQueuedHandler::dispatchThroughMiddleware():120}()\n#26 /home/caesar/Codelab/Web/WebProgrammingClass/Mzuzu-University-Weekend-Timetabling-System/vendor/laravel/framework/src/Illuminate/Pipeline/Pipeline.php(126): Illuminate\\Pipeline\\Pipeline->{closure:Illuminate\\Pipeline\\Pipeline::prepareDestination():167}()\n#27 /home/caesar/Codelab/Web/WebProgrammingClass/Mzuzu-University-Weekend-Timetabling-System/vendor/laravel/framework/src/Illuminate/Queue/CallQueuedHandler.php(120): Illuminate\\Pipeline\\Pipeline->then()\n#28 /home/caesar/Codelab/Web/WebProgrammingClass/Mzuzu-University-Weekend-Timetabling-System/vendor/laravel/framework/src/Illuminate/Queue/CallQueuedHandler.php(68): Illuminate\\Queue\\CallQueuedHandler->dispatchThroughMiddleware()\n#29 /home/caesar/Codelab/Web/WebProgrammingClass/Mzuzu-University-Weekend-Timetabling-System/vendor/laravel/framework/src/Illuminate/Queue/Jobs/Job.php(102): Illuminate\\Queue\\CallQueuedHandler->call()\n#30 /home/caesar/Codelab/Web/WebProgrammingClass/Mzuzu-University-Weekend-Timetabling-System/vendor/laravel/framework/src/Illuminate/Queue/Worker.php(444): Illuminate\\Queue\\Jobs\\Job->fire()\n#31 /home/caesar/Codelab/Web/WebProgrammingClass/Mzuzu-University-Weekend-Timetabling-System/vendor/laravel/framework/src/Illuminate/Queue/Worker.php(394): Illuminate\\Queue\\Worker->process()\n#32 /home/caesar/Codelab/Web/WebProgrammingClass/Mzuzu-University-Weekend-Timetabling-System/vendor/laravel/framework/src/Illuminate/Queue/Worker.php(180): Illuminate\\Queue\\Worker->runJob()\n#33 /home/caesar/Codelab/Web/WebProgrammingClass/Mzuzu-University-Weekend-Timetabling-System/vendor/laravel/framework/src/Illuminate/Queue/Console/WorkCommand.php(148): Illuminate\\Queue\\Worker->daemon()\n#34 /home/caesar/Codelab/Web/WebProgrammingClass/Mzuzu-University-Weekend-Timetabling-System/vendor/laravel/framework/src/Illuminate/Queue/Console/WorkCommand.php(131): Illuminate\\Queue\\Console\\WorkCommand->runWorker()\n#35 /home/caesar/Codelab/Web/WebProgrammingClass/Mzuzu-University-Weekend-Timetabling-System/vendor/laravel/framework/src/Illuminate/Container/BoundMethod.php(36): Illuminate\\Queue\\Console\\WorkCommand->handle()\n#36 /home/caesar/Codelab/Web/WebProgrammingClass/Mzuzu-University-Weekend-Timetabling-System/vendor/laravel/framework/src/Illuminate/Container/Util.php(43): Illuminate\\Container\\BoundMethod::{closure:Illuminate\\Container\\BoundMethod::call():35}()\n#37 /home/caesar/Codelab/Web/WebProgrammingClass/Mzuzu-University-Weekend-Timetabling-System/vendor/laravel/framework/src/Illuminate/Container/BoundMethod.php(96): Illuminate\\Container\\Util::unwrapIfClosure()\n#38 /home/caesar/Codelab/Web/WebProgrammingClass/Mzuzu-University-Weekend-Timetabling-System/vendor/laravel/framework/src/Illuminate/Container/BoundMethod.php(35): Illuminate\\Container\\BoundMethod::callBoundMethod()\n#39 /home/caesar/Codelab/Web/WebProgrammingClass/Mzuzu-University-Weekend-Timetabling-System/vendor/laravel/framework/src/Illuminate/Container/Container.php(754): Illuminate\\Container\\BoundMethod::call()\n#40 /home/caesar/Codelab/Web/WebProgrammingClass/Mzuzu-University-Weekend-Timetabling-System/vendor/laravel/framework/src/Illuminate/Console/Command.php(211): Illuminate\\Container\\Container->call()\n#41 /home/caesar/Codelab/Web/WebProgrammingClass/Mzuzu-University-Weekend-Timetabling-System/vendor/symfony/console/Command/Command.php(318): Illuminate\\Console\\Command->execute()\n#42 /home/caesar/Codelab/Web/WebProgrammingClass/Mzuzu-University-Weekend-Timetabling-System/vendor/laravel/framework/src/Illuminate/Console/Command.php(180): Symfony\\Component\\Console\\Command\\Command->run()\n#43 /home/caesar/Codelab/Web/WebProgrammingClass/Mzuzu-University-Weekend-Timetabling-System/vendor/symfony/console/Application.php(1092): Illuminate\\Console\\Command->run()\n#44 /home/caesar/Codelab/Web/WebProgrammingClass/Mzuzu-University-Weekend-Timetabling-System/vendor/symfony/console/Application.php(341): Symfony\\Component\\Console\\Application->doRunCommand()\n#45 /home/caesar/Codelab/Web/WebProgrammingClass/Mzuzu-University-Weekend-Timetabling-System/vendor/symfony/console/Application.php(192): Symfony\\Component\\Console\\Application->doRun()\n#46 /home/caesar/Codelab/Web/WebProgrammingClass/Mzuzu-University-Weekend-Timetabling-System/vendor/laravel/framework/src/Illuminate/Foundation/Console/Kernel.php(197): Symfony\\Component\\Console\\Application->run()\n#47 /home/caesar/Codelab/Web/WebProgrammingClass/Mzuzu-University-Weekend-Timetabling-System/vendor/laravel/framework/src/Illuminate/Foundation/Application.php(1234): Illuminate\\Foundation\\Console\\Kernel->handle()\n#48 /home/caesar/Codelab/Web/WebProgrammingClass/Mzuzu-University-Weekend-Timetabling-System/artisan(16): Illuminate\\Foundation\\Application->handleCommand()\n#49 {main}', '2025-06-30 12:30:53');
INSERT INTO `failed_jobs` (`id`, `uuid`, `connection`, `queue`, `payload`, `exception`, `failed_at`) VALUES
(9, '4631c5b5-1f7e-4221-a6c7-12f03b69e57f', 'database', 'default', '{\"uuid\":\"4631c5b5-1f7e-4221-a6c7-12f03b69e57f\",\"displayName\":\"App\\\\Notifications\\\\TimetablePublished\",\"job\":\"Illuminate\\\\Queue\\\\CallQueuedHandler@call\",\"maxTries\":null,\"maxExceptions\":null,\"failOnTimeout\":false,\"backoff\":null,\"timeout\":null,\"retryUntil\":null,\"data\":{\"commandName\":\"Illuminate\\\\Notifications\\\\SendQueuedNotifications\",\"command\":\"O:48:\\\"Illuminate\\\\Notifications\\\\SendQueuedNotifications\\\":3:{s:11:\\\"notifiables\\\";O:45:\\\"Illuminate\\\\Contracts\\\\Database\\\\ModelIdentifier\\\":5:{s:5:\\\"class\\\";s:15:\\\"App\\\\Models\\\\User\\\";s:2:\\\"id\\\";a:1:{i:0;i:16;}s:9:\\\"relations\\\";a:0:{}s:10:\\\"connection\\\";s:5:\\\"mysql\\\";s:15:\\\"collectionClass\\\";N;}s:12:\\\"notification\\\";O:36:\\\"App\\\\Notifications\\\\TimetablePublished\\\":2:{s:12:\\\"versionLabel\\\";s:11:\\\"First Draft\\\";s:2:\\\"id\\\";s:36:\\\"55cc6102-252c-4d48-bce8-31f0e0921aae\\\";}s:8:\\\"channels\\\";a:1:{i:0;s:4:\\\"mail\\\";}}\"},\"createdAt\":1751293848,\"delay\":null}', 'Symfony\\Component\\Mailer\\Exception\\TransportException: Connection could not be established with host \"127.0.0.1:1025\": stream_socket_client(): Unable to connect to 127.0.0.1:1025 (Connection refused) in /home/caesar/Codelab/Web/WebProgrammingClass/Mzuzu-University-Weekend-Timetabling-System/vendor/symfony/mailer/Transport/Smtp/Stream/SocketStream.php:154\nStack trace:\n#0 [internal function]: Symfony\\Component\\Mailer\\Transport\\Smtp\\Stream\\SocketStream->{closure:Symfony\\Component\\Mailer\\Transport\\Smtp\\Stream\\SocketStream::initialize():153}()\n#1 /home/caesar/Codelab/Web/WebProgrammingClass/Mzuzu-University-Weekend-Timetabling-System/vendor/symfony/mailer/Transport/Smtp/Stream/SocketStream.php(157): stream_socket_client()\n#2 /home/caesar/Codelab/Web/WebProgrammingClass/Mzuzu-University-Weekend-Timetabling-System/vendor/symfony/mailer/Transport/Smtp/SmtpTransport.php(279): Symfony\\Component\\Mailer\\Transport\\Smtp\\Stream\\SocketStream->initialize()\n#3 /home/caesar/Codelab/Web/WebProgrammingClass/Mzuzu-University-Weekend-Timetabling-System/vendor/symfony/mailer/Transport/Smtp/SmtpTransport.php(211): Symfony\\Component\\Mailer\\Transport\\Smtp\\SmtpTransport->start()\n#4 /home/caesar/Codelab/Web/WebProgrammingClass/Mzuzu-University-Weekend-Timetabling-System/vendor/symfony/mailer/Transport/AbstractTransport.php(69): Symfony\\Component\\Mailer\\Transport\\Smtp\\SmtpTransport->doSend()\n#5 /home/caesar/Codelab/Web/WebProgrammingClass/Mzuzu-University-Weekend-Timetabling-System/vendor/symfony/mailer/Transport/Smtp/SmtpTransport.php(138): Symfony\\Component\\Mailer\\Transport\\AbstractTransport->send()\n#6 /home/caesar/Codelab/Web/WebProgrammingClass/Mzuzu-University-Weekend-Timetabling-System/vendor/laravel/framework/src/Illuminate/Mail/Mailer.php(584): Symfony\\Component\\Mailer\\Transport\\Smtp\\SmtpTransport->send()\n#7 /home/caesar/Codelab/Web/WebProgrammingClass/Mzuzu-University-Weekend-Timetabling-System/vendor/laravel/framework/src/Illuminate/Mail/Mailer.php(331): Illuminate\\Mail\\Mailer->sendSymfonyMessage()\n#8 /home/caesar/Codelab/Web/WebProgrammingClass/Mzuzu-University-Weekend-Timetabling-System/vendor/laravel/framework/src/Illuminate/Notifications/Channels/MailChannel.php(66): Illuminate\\Mail\\Mailer->send()\n#9 /home/caesar/Codelab/Web/WebProgrammingClass/Mzuzu-University-Weekend-Timetabling-System/vendor/laravel/framework/src/Illuminate/Notifications/NotificationSender.php(159): Illuminate\\Notifications\\Channels\\MailChannel->send()\n#10 /home/caesar/Codelab/Web/WebProgrammingClass/Mzuzu-University-Weekend-Timetabling-System/vendor/laravel/framework/src/Illuminate/Notifications/NotificationSender.php(116): Illuminate\\Notifications\\NotificationSender->sendToNotifiable()\n#11 /home/caesar/Codelab/Web/WebProgrammingClass/Mzuzu-University-Weekend-Timetabling-System/vendor/laravel/framework/src/Illuminate/Support/Traits/Localizable.php(19): Illuminate\\Notifications\\NotificationSender->{closure:Illuminate\\Notifications\\NotificationSender::sendNow():111}()\n#12 /home/caesar/Codelab/Web/WebProgrammingClass/Mzuzu-University-Weekend-Timetabling-System/vendor/laravel/framework/src/Illuminate/Notifications/NotificationSender.php(111): Illuminate\\Notifications\\NotificationSender->withLocale()\n#13 /home/caesar/Codelab/Web/WebProgrammingClass/Mzuzu-University-Weekend-Timetabling-System/vendor/laravel/framework/src/Illuminate/Notifications/ChannelManager.php(54): Illuminate\\Notifications\\NotificationSender->sendNow()\n#14 /home/caesar/Codelab/Web/WebProgrammingClass/Mzuzu-University-Weekend-Timetabling-System/vendor/laravel/framework/src/Illuminate/Notifications/SendQueuedNotifications.php(118): Illuminate\\Notifications\\ChannelManager->sendNow()\n#15 /home/caesar/Codelab/Web/WebProgrammingClass/Mzuzu-University-Weekend-Timetabling-System/vendor/laravel/framework/src/Illuminate/Container/BoundMethod.php(36): Illuminate\\Notifications\\SendQueuedNotifications->handle()\n#16 /home/caesar/Codelab/Web/WebProgrammingClass/Mzuzu-University-Weekend-Timetabling-System/vendor/laravel/framework/src/Illuminate/Container/Util.php(43): Illuminate\\Container\\BoundMethod::{closure:Illuminate\\Container\\BoundMethod::call():35}()\n#17 /home/caesar/Codelab/Web/WebProgrammingClass/Mzuzu-University-Weekend-Timetabling-System/vendor/laravel/framework/src/Illuminate/Container/BoundMethod.php(96): Illuminate\\Container\\Util::unwrapIfClosure()\n#18 /home/caesar/Codelab/Web/WebProgrammingClass/Mzuzu-University-Weekend-Timetabling-System/vendor/laravel/framework/src/Illuminate/Container/BoundMethod.php(35): Illuminate\\Container\\BoundMethod::callBoundMethod()\n#19 /home/caesar/Codelab/Web/WebProgrammingClass/Mzuzu-University-Weekend-Timetabling-System/vendor/laravel/framework/src/Illuminate/Container/Container.php(754): Illuminate\\Container\\BoundMethod::call()\n#20 /home/caesar/Codelab/Web/WebProgrammingClass/Mzuzu-University-Weekend-Timetabling-System/vendor/laravel/framework/src/Illuminate/Bus/Dispatcher.php(132): Illuminate\\Container\\Container->call()\n#21 /home/caesar/Codelab/Web/WebProgrammingClass/Mzuzu-University-Weekend-Timetabling-System/vendor/laravel/framework/src/Illuminate/Pipeline/Pipeline.php(169): Illuminate\\Bus\\Dispatcher->{closure:Illuminate\\Bus\\Dispatcher::dispatchNow():129}()\n#22 /home/caesar/Codelab/Web/WebProgrammingClass/Mzuzu-University-Weekend-Timetabling-System/vendor/laravel/framework/src/Illuminate/Pipeline/Pipeline.php(126): Illuminate\\Pipeline\\Pipeline->{closure:Illuminate\\Pipeline\\Pipeline::prepareDestination():167}()\n#23 /home/caesar/Codelab/Web/WebProgrammingClass/Mzuzu-University-Weekend-Timetabling-System/vendor/laravel/framework/src/Illuminate/Bus/Dispatcher.php(136): Illuminate\\Pipeline\\Pipeline->then()\n#24 /home/caesar/Codelab/Web/WebProgrammingClass/Mzuzu-University-Weekend-Timetabling-System/vendor/laravel/framework/src/Illuminate/Queue/CallQueuedHandler.php(125): Illuminate\\Bus\\Dispatcher->dispatchNow()\n#25 /home/caesar/Codelab/Web/WebProgrammingClass/Mzuzu-University-Weekend-Timetabling-System/vendor/laravel/framework/src/Illuminate/Pipeline/Pipeline.php(169): Illuminate\\Queue\\CallQueuedHandler->{closure:Illuminate\\Queue\\CallQueuedHandler::dispatchThroughMiddleware():120}()\n#26 /home/caesar/Codelab/Web/WebProgrammingClass/Mzuzu-University-Weekend-Timetabling-System/vendor/laravel/framework/src/Illuminate/Pipeline/Pipeline.php(126): Illuminate\\Pipeline\\Pipeline->{closure:Illuminate\\Pipeline\\Pipeline::prepareDestination():167}()\n#27 /home/caesar/Codelab/Web/WebProgrammingClass/Mzuzu-University-Weekend-Timetabling-System/vendor/laravel/framework/src/Illuminate/Queue/CallQueuedHandler.php(120): Illuminate\\Pipeline\\Pipeline->then()\n#28 /home/caesar/Codelab/Web/WebProgrammingClass/Mzuzu-University-Weekend-Timetabling-System/vendor/laravel/framework/src/Illuminate/Queue/CallQueuedHandler.php(68): Illuminate\\Queue\\CallQueuedHandler->dispatchThroughMiddleware()\n#29 /home/caesar/Codelab/Web/WebProgrammingClass/Mzuzu-University-Weekend-Timetabling-System/vendor/laravel/framework/src/Illuminate/Queue/Jobs/Job.php(102): Illuminate\\Queue\\CallQueuedHandler->call()\n#30 /home/caesar/Codelab/Web/WebProgrammingClass/Mzuzu-University-Weekend-Timetabling-System/vendor/laravel/framework/src/Illuminate/Queue/Worker.php(444): Illuminate\\Queue\\Jobs\\Job->fire()\n#31 /home/caesar/Codelab/Web/WebProgrammingClass/Mzuzu-University-Weekend-Timetabling-System/vendor/laravel/framework/src/Illuminate/Queue/Worker.php(394): Illuminate\\Queue\\Worker->process()\n#32 /home/caesar/Codelab/Web/WebProgrammingClass/Mzuzu-University-Weekend-Timetabling-System/vendor/laravel/framework/src/Illuminate/Queue/Worker.php(180): Illuminate\\Queue\\Worker->runJob()\n#33 /home/caesar/Codelab/Web/WebProgrammingClass/Mzuzu-University-Weekend-Timetabling-System/vendor/laravel/framework/src/Illuminate/Queue/Console/WorkCommand.php(148): Illuminate\\Queue\\Worker->daemon()\n#34 /home/caesar/Codelab/Web/WebProgrammingClass/Mzuzu-University-Weekend-Timetabling-System/vendor/laravel/framework/src/Illuminate/Queue/Console/WorkCommand.php(131): Illuminate\\Queue\\Console\\WorkCommand->runWorker()\n#35 /home/caesar/Codelab/Web/WebProgrammingClass/Mzuzu-University-Weekend-Timetabling-System/vendor/laravel/framework/src/Illuminate/Container/BoundMethod.php(36): Illuminate\\Queue\\Console\\WorkCommand->handle()\n#36 /home/caesar/Codelab/Web/WebProgrammingClass/Mzuzu-University-Weekend-Timetabling-System/vendor/laravel/framework/src/Illuminate/Container/Util.php(43): Illuminate\\Container\\BoundMethod::{closure:Illuminate\\Container\\BoundMethod::call():35}()\n#37 /home/caesar/Codelab/Web/WebProgrammingClass/Mzuzu-University-Weekend-Timetabling-System/vendor/laravel/framework/src/Illuminate/Container/BoundMethod.php(96): Illuminate\\Container\\Util::unwrapIfClosure()\n#38 /home/caesar/Codelab/Web/WebProgrammingClass/Mzuzu-University-Weekend-Timetabling-System/vendor/laravel/framework/src/Illuminate/Container/BoundMethod.php(35): Illuminate\\Container\\BoundMethod::callBoundMethod()\n#39 /home/caesar/Codelab/Web/WebProgrammingClass/Mzuzu-University-Weekend-Timetabling-System/vendor/laravel/framework/src/Illuminate/Container/Container.php(754): Illuminate\\Container\\BoundMethod::call()\n#40 /home/caesar/Codelab/Web/WebProgrammingClass/Mzuzu-University-Weekend-Timetabling-System/vendor/laravel/framework/src/Illuminate/Console/Command.php(211): Illuminate\\Container\\Container->call()\n#41 /home/caesar/Codelab/Web/WebProgrammingClass/Mzuzu-University-Weekend-Timetabling-System/vendor/symfony/console/Command/Command.php(318): Illuminate\\Console\\Command->execute()\n#42 /home/caesar/Codelab/Web/WebProgrammingClass/Mzuzu-University-Weekend-Timetabling-System/vendor/laravel/framework/src/Illuminate/Console/Command.php(180): Symfony\\Component\\Console\\Command\\Command->run()\n#43 /home/caesar/Codelab/Web/WebProgrammingClass/Mzuzu-University-Weekend-Timetabling-System/vendor/symfony/console/Application.php(1092): Illuminate\\Console\\Command->run()\n#44 /home/caesar/Codelab/Web/WebProgrammingClass/Mzuzu-University-Weekend-Timetabling-System/vendor/symfony/console/Application.php(341): Symfony\\Component\\Console\\Application->doRunCommand()\n#45 /home/caesar/Codelab/Web/WebProgrammingClass/Mzuzu-University-Weekend-Timetabling-System/vendor/symfony/console/Application.php(192): Symfony\\Component\\Console\\Application->doRun()\n#46 /home/caesar/Codelab/Web/WebProgrammingClass/Mzuzu-University-Weekend-Timetabling-System/vendor/laravel/framework/src/Illuminate/Foundation/Console/Kernel.php(197): Symfony\\Component\\Console\\Application->run()\n#47 /home/caesar/Codelab/Web/WebProgrammingClass/Mzuzu-University-Weekend-Timetabling-System/vendor/laravel/framework/src/Illuminate/Foundation/Application.php(1234): Illuminate\\Foundation\\Console\\Kernel->handle()\n#48 /home/caesar/Codelab/Web/WebProgrammingClass/Mzuzu-University-Weekend-Timetabling-System/artisan(16): Illuminate\\Foundation\\Application->handleCommand()\n#49 {main}', '2025-06-30 12:30:53'),
(10, 'db20e176-23ac-4d24-b8ef-f7cad9860c80', 'database', 'default', '{\"uuid\":\"db20e176-23ac-4d24-b8ef-f7cad9860c80\",\"displayName\":\"App\\\\Notifications\\\\TimetablePublished\",\"job\":\"Illuminate\\\\Queue\\\\CallQueuedHandler@call\",\"maxTries\":null,\"maxExceptions\":null,\"failOnTimeout\":false,\"backoff\":null,\"timeout\":null,\"retryUntil\":null,\"data\":{\"commandName\":\"Illuminate\\\\Notifications\\\\SendQueuedNotifications\",\"command\":\"O:48:\\\"Illuminate\\\\Notifications\\\\SendQueuedNotifications\\\":3:{s:11:\\\"notifiables\\\";O:45:\\\"Illuminate\\\\Contracts\\\\Database\\\\ModelIdentifier\\\":5:{s:5:\\\"class\\\";s:15:\\\"App\\\\Models\\\\User\\\";s:2:\\\"id\\\";a:1:{i:0;i:18;}s:9:\\\"relations\\\";a:0:{}s:10:\\\"connection\\\";s:5:\\\"mysql\\\";s:15:\\\"collectionClass\\\";N;}s:12:\\\"notification\\\";O:36:\\\"App\\\\Notifications\\\\TimetablePublished\\\":2:{s:12:\\\"versionLabel\\\";s:11:\\\"First Draft\\\";s:2:\\\"id\\\";s:36:\\\"a094b4eb-af55-4f5b-bf5e-1050c084c76d\\\";}s:8:\\\"channels\\\";a:1:{i:0;s:4:\\\"mail\\\";}}\"},\"createdAt\":1751293848,\"delay\":null}', 'Symfony\\Component\\Mailer\\Exception\\TransportException: Connection could not be established with host \"127.0.0.1:1025\": stream_socket_client(): Unable to connect to 127.0.0.1:1025 (Connection refused) in /home/caesar/Codelab/Web/WebProgrammingClass/Mzuzu-University-Weekend-Timetabling-System/vendor/symfony/mailer/Transport/Smtp/Stream/SocketStream.php:154\nStack trace:\n#0 [internal function]: Symfony\\Component\\Mailer\\Transport\\Smtp\\Stream\\SocketStream->{closure:Symfony\\Component\\Mailer\\Transport\\Smtp\\Stream\\SocketStream::initialize():153}()\n#1 /home/caesar/Codelab/Web/WebProgrammingClass/Mzuzu-University-Weekend-Timetabling-System/vendor/symfony/mailer/Transport/Smtp/Stream/SocketStream.php(157): stream_socket_client()\n#2 /home/caesar/Codelab/Web/WebProgrammingClass/Mzuzu-University-Weekend-Timetabling-System/vendor/symfony/mailer/Transport/Smtp/SmtpTransport.php(279): Symfony\\Component\\Mailer\\Transport\\Smtp\\Stream\\SocketStream->initialize()\n#3 /home/caesar/Codelab/Web/WebProgrammingClass/Mzuzu-University-Weekend-Timetabling-System/vendor/symfony/mailer/Transport/Smtp/SmtpTransport.php(211): Symfony\\Component\\Mailer\\Transport\\Smtp\\SmtpTransport->start()\n#4 /home/caesar/Codelab/Web/WebProgrammingClass/Mzuzu-University-Weekend-Timetabling-System/vendor/symfony/mailer/Transport/AbstractTransport.php(69): Symfony\\Component\\Mailer\\Transport\\Smtp\\SmtpTransport->doSend()\n#5 /home/caesar/Codelab/Web/WebProgrammingClass/Mzuzu-University-Weekend-Timetabling-System/vendor/symfony/mailer/Transport/Smtp/SmtpTransport.php(138): Symfony\\Component\\Mailer\\Transport\\AbstractTransport->send()\n#6 /home/caesar/Codelab/Web/WebProgrammingClass/Mzuzu-University-Weekend-Timetabling-System/vendor/laravel/framework/src/Illuminate/Mail/Mailer.php(584): Symfony\\Component\\Mailer\\Transport\\Smtp\\SmtpTransport->send()\n#7 /home/caesar/Codelab/Web/WebProgrammingClass/Mzuzu-University-Weekend-Timetabling-System/vendor/laravel/framework/src/Illuminate/Mail/Mailer.php(331): Illuminate\\Mail\\Mailer->sendSymfonyMessage()\n#8 /home/caesar/Codelab/Web/WebProgrammingClass/Mzuzu-University-Weekend-Timetabling-System/vendor/laravel/framework/src/Illuminate/Notifications/Channels/MailChannel.php(66): Illuminate\\Mail\\Mailer->send()\n#9 /home/caesar/Codelab/Web/WebProgrammingClass/Mzuzu-University-Weekend-Timetabling-System/vendor/laravel/framework/src/Illuminate/Notifications/NotificationSender.php(159): Illuminate\\Notifications\\Channels\\MailChannel->send()\n#10 /home/caesar/Codelab/Web/WebProgrammingClass/Mzuzu-University-Weekend-Timetabling-System/vendor/laravel/framework/src/Illuminate/Notifications/NotificationSender.php(116): Illuminate\\Notifications\\NotificationSender->sendToNotifiable()\n#11 /home/caesar/Codelab/Web/WebProgrammingClass/Mzuzu-University-Weekend-Timetabling-System/vendor/laravel/framework/src/Illuminate/Support/Traits/Localizable.php(19): Illuminate\\Notifications\\NotificationSender->{closure:Illuminate\\Notifications\\NotificationSender::sendNow():111}()\n#12 /home/caesar/Codelab/Web/WebProgrammingClass/Mzuzu-University-Weekend-Timetabling-System/vendor/laravel/framework/src/Illuminate/Notifications/NotificationSender.php(111): Illuminate\\Notifications\\NotificationSender->withLocale()\n#13 /home/caesar/Codelab/Web/WebProgrammingClass/Mzuzu-University-Weekend-Timetabling-System/vendor/laravel/framework/src/Illuminate/Notifications/ChannelManager.php(54): Illuminate\\Notifications\\NotificationSender->sendNow()\n#14 /home/caesar/Codelab/Web/WebProgrammingClass/Mzuzu-University-Weekend-Timetabling-System/vendor/laravel/framework/src/Illuminate/Notifications/SendQueuedNotifications.php(118): Illuminate\\Notifications\\ChannelManager->sendNow()\n#15 /home/caesar/Codelab/Web/WebProgrammingClass/Mzuzu-University-Weekend-Timetabling-System/vendor/laravel/framework/src/Illuminate/Container/BoundMethod.php(36): Illuminate\\Notifications\\SendQueuedNotifications->handle()\n#16 /home/caesar/Codelab/Web/WebProgrammingClass/Mzuzu-University-Weekend-Timetabling-System/vendor/laravel/framework/src/Illuminate/Container/Util.php(43): Illuminate\\Container\\BoundMethod::{closure:Illuminate\\Container\\BoundMethod::call():35}()\n#17 /home/caesar/Codelab/Web/WebProgrammingClass/Mzuzu-University-Weekend-Timetabling-System/vendor/laravel/framework/src/Illuminate/Container/BoundMethod.php(96): Illuminate\\Container\\Util::unwrapIfClosure()\n#18 /home/caesar/Codelab/Web/WebProgrammingClass/Mzuzu-University-Weekend-Timetabling-System/vendor/laravel/framework/src/Illuminate/Container/BoundMethod.php(35): Illuminate\\Container\\BoundMethod::callBoundMethod()\n#19 /home/caesar/Codelab/Web/WebProgrammingClass/Mzuzu-University-Weekend-Timetabling-System/vendor/laravel/framework/src/Illuminate/Container/Container.php(754): Illuminate\\Container\\BoundMethod::call()\n#20 /home/caesar/Codelab/Web/WebProgrammingClass/Mzuzu-University-Weekend-Timetabling-System/vendor/laravel/framework/src/Illuminate/Bus/Dispatcher.php(132): Illuminate\\Container\\Container->call()\n#21 /home/caesar/Codelab/Web/WebProgrammingClass/Mzuzu-University-Weekend-Timetabling-System/vendor/laravel/framework/src/Illuminate/Pipeline/Pipeline.php(169): Illuminate\\Bus\\Dispatcher->{closure:Illuminate\\Bus\\Dispatcher::dispatchNow():129}()\n#22 /home/caesar/Codelab/Web/WebProgrammingClass/Mzuzu-University-Weekend-Timetabling-System/vendor/laravel/framework/src/Illuminate/Pipeline/Pipeline.php(126): Illuminate\\Pipeline\\Pipeline->{closure:Illuminate\\Pipeline\\Pipeline::prepareDestination():167}()\n#23 /home/caesar/Codelab/Web/WebProgrammingClass/Mzuzu-University-Weekend-Timetabling-System/vendor/laravel/framework/src/Illuminate/Bus/Dispatcher.php(136): Illuminate\\Pipeline\\Pipeline->then()\n#24 /home/caesar/Codelab/Web/WebProgrammingClass/Mzuzu-University-Weekend-Timetabling-System/vendor/laravel/framework/src/Illuminate/Queue/CallQueuedHandler.php(125): Illuminate\\Bus\\Dispatcher->dispatchNow()\n#25 /home/caesar/Codelab/Web/WebProgrammingClass/Mzuzu-University-Weekend-Timetabling-System/vendor/laravel/framework/src/Illuminate/Pipeline/Pipeline.php(169): Illuminate\\Queue\\CallQueuedHandler->{closure:Illuminate\\Queue\\CallQueuedHandler::dispatchThroughMiddleware():120}()\n#26 /home/caesar/Codelab/Web/WebProgrammingClass/Mzuzu-University-Weekend-Timetabling-System/vendor/laravel/framework/src/Illuminate/Pipeline/Pipeline.php(126): Illuminate\\Pipeline\\Pipeline->{closure:Illuminate\\Pipeline\\Pipeline::prepareDestination():167}()\n#27 /home/caesar/Codelab/Web/WebProgrammingClass/Mzuzu-University-Weekend-Timetabling-System/vendor/laravel/framework/src/Illuminate/Queue/CallQueuedHandler.php(120): Illuminate\\Pipeline\\Pipeline->then()\n#28 /home/caesar/Codelab/Web/WebProgrammingClass/Mzuzu-University-Weekend-Timetabling-System/vendor/laravel/framework/src/Illuminate/Queue/CallQueuedHandler.php(68): Illuminate\\Queue\\CallQueuedHandler->dispatchThroughMiddleware()\n#29 /home/caesar/Codelab/Web/WebProgrammingClass/Mzuzu-University-Weekend-Timetabling-System/vendor/laravel/framework/src/Illuminate/Queue/Jobs/Job.php(102): Illuminate\\Queue\\CallQueuedHandler->call()\n#30 /home/caesar/Codelab/Web/WebProgrammingClass/Mzuzu-University-Weekend-Timetabling-System/vendor/laravel/framework/src/Illuminate/Queue/Worker.php(444): Illuminate\\Queue\\Jobs\\Job->fire()\n#31 /home/caesar/Codelab/Web/WebProgrammingClass/Mzuzu-University-Weekend-Timetabling-System/vendor/laravel/framework/src/Illuminate/Queue/Worker.php(394): Illuminate\\Queue\\Worker->process()\n#32 /home/caesar/Codelab/Web/WebProgrammingClass/Mzuzu-University-Weekend-Timetabling-System/vendor/laravel/framework/src/Illuminate/Queue/Worker.php(180): Illuminate\\Queue\\Worker->runJob()\n#33 /home/caesar/Codelab/Web/WebProgrammingClass/Mzuzu-University-Weekend-Timetabling-System/vendor/laravel/framework/src/Illuminate/Queue/Console/WorkCommand.php(148): Illuminate\\Queue\\Worker->daemon()\n#34 /home/caesar/Codelab/Web/WebProgrammingClass/Mzuzu-University-Weekend-Timetabling-System/vendor/laravel/framework/src/Illuminate/Queue/Console/WorkCommand.php(131): Illuminate\\Queue\\Console\\WorkCommand->runWorker()\n#35 /home/caesar/Codelab/Web/WebProgrammingClass/Mzuzu-University-Weekend-Timetabling-System/vendor/laravel/framework/src/Illuminate/Container/BoundMethod.php(36): Illuminate\\Queue\\Console\\WorkCommand->handle()\n#36 /home/caesar/Codelab/Web/WebProgrammingClass/Mzuzu-University-Weekend-Timetabling-System/vendor/laravel/framework/src/Illuminate/Container/Util.php(43): Illuminate\\Container\\BoundMethod::{closure:Illuminate\\Container\\BoundMethod::call():35}()\n#37 /home/caesar/Codelab/Web/WebProgrammingClass/Mzuzu-University-Weekend-Timetabling-System/vendor/laravel/framework/src/Illuminate/Container/BoundMethod.php(96): Illuminate\\Container\\Util::unwrapIfClosure()\n#38 /home/caesar/Codelab/Web/WebProgrammingClass/Mzuzu-University-Weekend-Timetabling-System/vendor/laravel/framework/src/Illuminate/Container/BoundMethod.php(35): Illuminate\\Container\\BoundMethod::callBoundMethod()\n#39 /home/caesar/Codelab/Web/WebProgrammingClass/Mzuzu-University-Weekend-Timetabling-System/vendor/laravel/framework/src/Illuminate/Container/Container.php(754): Illuminate\\Container\\BoundMethod::call()\n#40 /home/caesar/Codelab/Web/WebProgrammingClass/Mzuzu-University-Weekend-Timetabling-System/vendor/laravel/framework/src/Illuminate/Console/Command.php(211): Illuminate\\Container\\Container->call()\n#41 /home/caesar/Codelab/Web/WebProgrammingClass/Mzuzu-University-Weekend-Timetabling-System/vendor/symfony/console/Command/Command.php(318): Illuminate\\Console\\Command->execute()\n#42 /home/caesar/Codelab/Web/WebProgrammingClass/Mzuzu-University-Weekend-Timetabling-System/vendor/laravel/framework/src/Illuminate/Console/Command.php(180): Symfony\\Component\\Console\\Command\\Command->run()\n#43 /home/caesar/Codelab/Web/WebProgrammingClass/Mzuzu-University-Weekend-Timetabling-System/vendor/symfony/console/Application.php(1092): Illuminate\\Console\\Command->run()\n#44 /home/caesar/Codelab/Web/WebProgrammingClass/Mzuzu-University-Weekend-Timetabling-System/vendor/symfony/console/Application.php(341): Symfony\\Component\\Console\\Application->doRunCommand()\n#45 /home/caesar/Codelab/Web/WebProgrammingClass/Mzuzu-University-Weekend-Timetabling-System/vendor/symfony/console/Application.php(192): Symfony\\Component\\Console\\Application->doRun()\n#46 /home/caesar/Codelab/Web/WebProgrammingClass/Mzuzu-University-Weekend-Timetabling-System/vendor/laravel/framework/src/Illuminate/Foundation/Console/Kernel.php(197): Symfony\\Component\\Console\\Application->run()\n#47 /home/caesar/Codelab/Web/WebProgrammingClass/Mzuzu-University-Weekend-Timetabling-System/vendor/laravel/framework/src/Illuminate/Foundation/Application.php(1234): Illuminate\\Foundation\\Console\\Kernel->handle()\n#48 /home/caesar/Codelab/Web/WebProgrammingClass/Mzuzu-University-Weekend-Timetabling-System/artisan(16): Illuminate\\Foundation\\Application->handleCommand()\n#49 {main}', '2025-06-30 12:30:53'),
(11, '39f6d3b3-dc15-4616-9369-f2d66f32799b', 'database', 'default', '{\"uuid\":\"39f6d3b3-dc15-4616-9369-f2d66f32799b\",\"displayName\":\"App\\\\Notifications\\\\TimetablePublished\",\"job\":\"Illuminate\\\\Queue\\\\CallQueuedHandler@call\",\"maxTries\":null,\"maxExceptions\":null,\"failOnTimeout\":false,\"backoff\":null,\"timeout\":null,\"retryUntil\":null,\"data\":{\"commandName\":\"Illuminate\\\\Notifications\\\\SendQueuedNotifications\",\"command\":\"O:48:\\\"Illuminate\\\\Notifications\\\\SendQueuedNotifications\\\":3:{s:11:\\\"notifiables\\\";O:45:\\\"Illuminate\\\\Contracts\\\\Database\\\\ModelIdentifier\\\":5:{s:5:\\\"class\\\";s:15:\\\"App\\\\Models\\\\User\\\";s:2:\\\"id\\\";a:1:{i:0;i:19;}s:9:\\\"relations\\\";a:0:{}s:10:\\\"connection\\\";s:5:\\\"mysql\\\";s:15:\\\"collectionClass\\\";N;}s:12:\\\"notification\\\";O:36:\\\"App\\\\Notifications\\\\TimetablePublished\\\":2:{s:12:\\\"versionLabel\\\";s:11:\\\"First Draft\\\";s:2:\\\"id\\\";s:36:\\\"b68c3a2f-7ebd-4f39-808c-f8f111c27dae\\\";}s:8:\\\"channels\\\";a:1:{i:0;s:4:\\\"mail\\\";}}\"},\"createdAt\":1751293848,\"delay\":null}', 'Symfony\\Component\\Mailer\\Exception\\TransportException: Connection could not be established with host \"127.0.0.1:1025\": stream_socket_client(): Unable to connect to 127.0.0.1:1025 (Connection refused) in /home/caesar/Codelab/Web/WebProgrammingClass/Mzuzu-University-Weekend-Timetabling-System/vendor/symfony/mailer/Transport/Smtp/Stream/SocketStream.php:154\nStack trace:\n#0 [internal function]: Symfony\\Component\\Mailer\\Transport\\Smtp\\Stream\\SocketStream->{closure:Symfony\\Component\\Mailer\\Transport\\Smtp\\Stream\\SocketStream::initialize():153}()\n#1 /home/caesar/Codelab/Web/WebProgrammingClass/Mzuzu-University-Weekend-Timetabling-System/vendor/symfony/mailer/Transport/Smtp/Stream/SocketStream.php(157): stream_socket_client()\n#2 /home/caesar/Codelab/Web/WebProgrammingClass/Mzuzu-University-Weekend-Timetabling-System/vendor/symfony/mailer/Transport/Smtp/SmtpTransport.php(279): Symfony\\Component\\Mailer\\Transport\\Smtp\\Stream\\SocketStream->initialize()\n#3 /home/caesar/Codelab/Web/WebProgrammingClass/Mzuzu-University-Weekend-Timetabling-System/vendor/symfony/mailer/Transport/Smtp/SmtpTransport.php(211): Symfony\\Component\\Mailer\\Transport\\Smtp\\SmtpTransport->start()\n#4 /home/caesar/Codelab/Web/WebProgrammingClass/Mzuzu-University-Weekend-Timetabling-System/vendor/symfony/mailer/Transport/AbstractTransport.php(69): Symfony\\Component\\Mailer\\Transport\\Smtp\\SmtpTransport->doSend()\n#5 /home/caesar/Codelab/Web/WebProgrammingClass/Mzuzu-University-Weekend-Timetabling-System/vendor/symfony/mailer/Transport/Smtp/SmtpTransport.php(138): Symfony\\Component\\Mailer\\Transport\\AbstractTransport->send()\n#6 /home/caesar/Codelab/Web/WebProgrammingClass/Mzuzu-University-Weekend-Timetabling-System/vendor/laravel/framework/src/Illuminate/Mail/Mailer.php(584): Symfony\\Component\\Mailer\\Transport\\Smtp\\SmtpTransport->send()\n#7 /home/caesar/Codelab/Web/WebProgrammingClass/Mzuzu-University-Weekend-Timetabling-System/vendor/laravel/framework/src/Illuminate/Mail/Mailer.php(331): Illuminate\\Mail\\Mailer->sendSymfonyMessage()\n#8 /home/caesar/Codelab/Web/WebProgrammingClass/Mzuzu-University-Weekend-Timetabling-System/vendor/laravel/framework/src/Illuminate/Notifications/Channels/MailChannel.php(66): Illuminate\\Mail\\Mailer->send()\n#9 /home/caesar/Codelab/Web/WebProgrammingClass/Mzuzu-University-Weekend-Timetabling-System/vendor/laravel/framework/src/Illuminate/Notifications/NotificationSender.php(159): Illuminate\\Notifications\\Channels\\MailChannel->send()\n#10 /home/caesar/Codelab/Web/WebProgrammingClass/Mzuzu-University-Weekend-Timetabling-System/vendor/laravel/framework/src/Illuminate/Notifications/NotificationSender.php(116): Illuminate\\Notifications\\NotificationSender->sendToNotifiable()\n#11 /home/caesar/Codelab/Web/WebProgrammingClass/Mzuzu-University-Weekend-Timetabling-System/vendor/laravel/framework/src/Illuminate/Support/Traits/Localizable.php(19): Illuminate\\Notifications\\NotificationSender->{closure:Illuminate\\Notifications\\NotificationSender::sendNow():111}()\n#12 /home/caesar/Codelab/Web/WebProgrammingClass/Mzuzu-University-Weekend-Timetabling-System/vendor/laravel/framework/src/Illuminate/Notifications/NotificationSender.php(111): Illuminate\\Notifications\\NotificationSender->withLocale()\n#13 /home/caesar/Codelab/Web/WebProgrammingClass/Mzuzu-University-Weekend-Timetabling-System/vendor/laravel/framework/src/Illuminate/Notifications/ChannelManager.php(54): Illuminate\\Notifications\\NotificationSender->sendNow()\n#14 /home/caesar/Codelab/Web/WebProgrammingClass/Mzuzu-University-Weekend-Timetabling-System/vendor/laravel/framework/src/Illuminate/Notifications/SendQueuedNotifications.php(118): Illuminate\\Notifications\\ChannelManager->sendNow()\n#15 /home/caesar/Codelab/Web/WebProgrammingClass/Mzuzu-University-Weekend-Timetabling-System/vendor/laravel/framework/src/Illuminate/Container/BoundMethod.php(36): Illuminate\\Notifications\\SendQueuedNotifications->handle()\n#16 /home/caesar/Codelab/Web/WebProgrammingClass/Mzuzu-University-Weekend-Timetabling-System/vendor/laravel/framework/src/Illuminate/Container/Util.php(43): Illuminate\\Container\\BoundMethod::{closure:Illuminate\\Container\\BoundMethod::call():35}()\n#17 /home/caesar/Codelab/Web/WebProgrammingClass/Mzuzu-University-Weekend-Timetabling-System/vendor/laravel/framework/src/Illuminate/Container/BoundMethod.php(96): Illuminate\\Container\\Util::unwrapIfClosure()\n#18 /home/caesar/Codelab/Web/WebProgrammingClass/Mzuzu-University-Weekend-Timetabling-System/vendor/laravel/framework/src/Illuminate/Container/BoundMethod.php(35): Illuminate\\Container\\BoundMethod::callBoundMethod()\n#19 /home/caesar/Codelab/Web/WebProgrammingClass/Mzuzu-University-Weekend-Timetabling-System/vendor/laravel/framework/src/Illuminate/Container/Container.php(754): Illuminate\\Container\\BoundMethod::call()\n#20 /home/caesar/Codelab/Web/WebProgrammingClass/Mzuzu-University-Weekend-Timetabling-System/vendor/laravel/framework/src/Illuminate/Bus/Dispatcher.php(132): Illuminate\\Container\\Container->call()\n#21 /home/caesar/Codelab/Web/WebProgrammingClass/Mzuzu-University-Weekend-Timetabling-System/vendor/laravel/framework/src/Illuminate/Pipeline/Pipeline.php(169): Illuminate\\Bus\\Dispatcher->{closure:Illuminate\\Bus\\Dispatcher::dispatchNow():129}()\n#22 /home/caesar/Codelab/Web/WebProgrammingClass/Mzuzu-University-Weekend-Timetabling-System/vendor/laravel/framework/src/Illuminate/Pipeline/Pipeline.php(126): Illuminate\\Pipeline\\Pipeline->{closure:Illuminate\\Pipeline\\Pipeline::prepareDestination():167}()\n#23 /home/caesar/Codelab/Web/WebProgrammingClass/Mzuzu-University-Weekend-Timetabling-System/vendor/laravel/framework/src/Illuminate/Bus/Dispatcher.php(136): Illuminate\\Pipeline\\Pipeline->then()\n#24 /home/caesar/Codelab/Web/WebProgrammingClass/Mzuzu-University-Weekend-Timetabling-System/vendor/laravel/framework/src/Illuminate/Queue/CallQueuedHandler.php(125): Illuminate\\Bus\\Dispatcher->dispatchNow()\n#25 /home/caesar/Codelab/Web/WebProgrammingClass/Mzuzu-University-Weekend-Timetabling-System/vendor/laravel/framework/src/Illuminate/Pipeline/Pipeline.php(169): Illuminate\\Queue\\CallQueuedHandler->{closure:Illuminate\\Queue\\CallQueuedHandler::dispatchThroughMiddleware():120}()\n#26 /home/caesar/Codelab/Web/WebProgrammingClass/Mzuzu-University-Weekend-Timetabling-System/vendor/laravel/framework/src/Illuminate/Pipeline/Pipeline.php(126): Illuminate\\Pipeline\\Pipeline->{closure:Illuminate\\Pipeline\\Pipeline::prepareDestination():167}()\n#27 /home/caesar/Codelab/Web/WebProgrammingClass/Mzuzu-University-Weekend-Timetabling-System/vendor/laravel/framework/src/Illuminate/Queue/CallQueuedHandler.php(120): Illuminate\\Pipeline\\Pipeline->then()\n#28 /home/caesar/Codelab/Web/WebProgrammingClass/Mzuzu-University-Weekend-Timetabling-System/vendor/laravel/framework/src/Illuminate/Queue/CallQueuedHandler.php(68): Illuminate\\Queue\\CallQueuedHandler->dispatchThroughMiddleware()\n#29 /home/caesar/Codelab/Web/WebProgrammingClass/Mzuzu-University-Weekend-Timetabling-System/vendor/laravel/framework/src/Illuminate/Queue/Jobs/Job.php(102): Illuminate\\Queue\\CallQueuedHandler->call()\n#30 /home/caesar/Codelab/Web/WebProgrammingClass/Mzuzu-University-Weekend-Timetabling-System/vendor/laravel/framework/src/Illuminate/Queue/Worker.php(444): Illuminate\\Queue\\Jobs\\Job->fire()\n#31 /home/caesar/Codelab/Web/WebProgrammingClass/Mzuzu-University-Weekend-Timetabling-System/vendor/laravel/framework/src/Illuminate/Queue/Worker.php(394): Illuminate\\Queue\\Worker->process()\n#32 /home/caesar/Codelab/Web/WebProgrammingClass/Mzuzu-University-Weekend-Timetabling-System/vendor/laravel/framework/src/Illuminate/Queue/Worker.php(180): Illuminate\\Queue\\Worker->runJob()\n#33 /home/caesar/Codelab/Web/WebProgrammingClass/Mzuzu-University-Weekend-Timetabling-System/vendor/laravel/framework/src/Illuminate/Queue/Console/WorkCommand.php(148): Illuminate\\Queue\\Worker->daemon()\n#34 /home/caesar/Codelab/Web/WebProgrammingClass/Mzuzu-University-Weekend-Timetabling-System/vendor/laravel/framework/src/Illuminate/Queue/Console/WorkCommand.php(131): Illuminate\\Queue\\Console\\WorkCommand->runWorker()\n#35 /home/caesar/Codelab/Web/WebProgrammingClass/Mzuzu-University-Weekend-Timetabling-System/vendor/laravel/framework/src/Illuminate/Container/BoundMethod.php(36): Illuminate\\Queue\\Console\\WorkCommand->handle()\n#36 /home/caesar/Codelab/Web/WebProgrammingClass/Mzuzu-University-Weekend-Timetabling-System/vendor/laravel/framework/src/Illuminate/Container/Util.php(43): Illuminate\\Container\\BoundMethod::{closure:Illuminate\\Container\\BoundMethod::call():35}()\n#37 /home/caesar/Codelab/Web/WebProgrammingClass/Mzuzu-University-Weekend-Timetabling-System/vendor/laravel/framework/src/Illuminate/Container/BoundMethod.php(96): Illuminate\\Container\\Util::unwrapIfClosure()\n#38 /home/caesar/Codelab/Web/WebProgrammingClass/Mzuzu-University-Weekend-Timetabling-System/vendor/laravel/framework/src/Illuminate/Container/BoundMethod.php(35): Illuminate\\Container\\BoundMethod::callBoundMethod()\n#39 /home/caesar/Codelab/Web/WebProgrammingClass/Mzuzu-University-Weekend-Timetabling-System/vendor/laravel/framework/src/Illuminate/Container/Container.php(754): Illuminate\\Container\\BoundMethod::call()\n#40 /home/caesar/Codelab/Web/WebProgrammingClass/Mzuzu-University-Weekend-Timetabling-System/vendor/laravel/framework/src/Illuminate/Console/Command.php(211): Illuminate\\Container\\Container->call()\n#41 /home/caesar/Codelab/Web/WebProgrammingClass/Mzuzu-University-Weekend-Timetabling-System/vendor/symfony/console/Command/Command.php(318): Illuminate\\Console\\Command->execute()\n#42 /home/caesar/Codelab/Web/WebProgrammingClass/Mzuzu-University-Weekend-Timetabling-System/vendor/laravel/framework/src/Illuminate/Console/Command.php(180): Symfony\\Component\\Console\\Command\\Command->run()\n#43 /home/caesar/Codelab/Web/WebProgrammingClass/Mzuzu-University-Weekend-Timetabling-System/vendor/symfony/console/Application.php(1092): Illuminate\\Console\\Command->run()\n#44 /home/caesar/Codelab/Web/WebProgrammingClass/Mzuzu-University-Weekend-Timetabling-System/vendor/symfony/console/Application.php(341): Symfony\\Component\\Console\\Application->doRunCommand()\n#45 /home/caesar/Codelab/Web/WebProgrammingClass/Mzuzu-University-Weekend-Timetabling-System/vendor/symfony/console/Application.php(192): Symfony\\Component\\Console\\Application->doRun()\n#46 /home/caesar/Codelab/Web/WebProgrammingClass/Mzuzu-University-Weekend-Timetabling-System/vendor/laravel/framework/src/Illuminate/Foundation/Console/Kernel.php(197): Symfony\\Component\\Console\\Application->run()\n#47 /home/caesar/Codelab/Web/WebProgrammingClass/Mzuzu-University-Weekend-Timetabling-System/vendor/laravel/framework/src/Illuminate/Foundation/Application.php(1234): Illuminate\\Foundation\\Console\\Kernel->handle()\n#48 /home/caesar/Codelab/Web/WebProgrammingClass/Mzuzu-University-Weekend-Timetabling-System/artisan(16): Illuminate\\Foundation\\Application->handleCommand()\n#49 {main}', '2025-06-30 12:30:53'),
(12, '761fc00d-7cc2-4453-921b-a8d8138b2069', 'database', 'default', '{\"uuid\":\"761fc00d-7cc2-4453-921b-a8d8138b2069\",\"displayName\":\"App\\\\Notifications\\\\TimetablePublished\",\"job\":\"Illuminate\\\\Queue\\\\CallQueuedHandler@call\",\"maxTries\":null,\"maxExceptions\":null,\"failOnTimeout\":false,\"backoff\":null,\"timeout\":null,\"retryUntil\":null,\"data\":{\"commandName\":\"Illuminate\\\\Notifications\\\\SendQueuedNotifications\",\"command\":\"O:48:\\\"Illuminate\\\\Notifications\\\\SendQueuedNotifications\\\":3:{s:11:\\\"notifiables\\\";O:45:\\\"Illuminate\\\\Contracts\\\\Database\\\\ModelIdentifier\\\":5:{s:5:\\\"class\\\";s:15:\\\"App\\\\Models\\\\User\\\";s:2:\\\"id\\\";a:1:{i:0;i:17;}s:9:\\\"relations\\\";a:0:{}s:10:\\\"connection\\\";s:5:\\\"mysql\\\";s:15:\\\"collectionClass\\\";N;}s:12:\\\"notification\\\";O:36:\\\"App\\\\Notifications\\\\TimetablePublished\\\":2:{s:12:\\\"versionLabel\\\";s:11:\\\"First Draft\\\";s:2:\\\"id\\\";s:36:\\\"a6112e18-c091-47ca-830c-66064a48c05e\\\";}s:8:\\\"channels\\\";a:1:{i:0;s:4:\\\"mail\\\";}}\"},\"createdAt\":1751293848,\"delay\":null}', 'Symfony\\Component\\Mailer\\Exception\\TransportException: Connection could not be established with host \"127.0.0.1:1025\": stream_socket_client(): Unable to connect to 127.0.0.1:1025 (Connection refused) in /home/caesar/Codelab/Web/WebProgrammingClass/Mzuzu-University-Weekend-Timetabling-System/vendor/symfony/mailer/Transport/Smtp/Stream/SocketStream.php:154\nStack trace:\n#0 [internal function]: Symfony\\Component\\Mailer\\Transport\\Smtp\\Stream\\SocketStream->{closure:Symfony\\Component\\Mailer\\Transport\\Smtp\\Stream\\SocketStream::initialize():153}()\n#1 /home/caesar/Codelab/Web/WebProgrammingClass/Mzuzu-University-Weekend-Timetabling-System/vendor/symfony/mailer/Transport/Smtp/Stream/SocketStream.php(157): stream_socket_client()\n#2 /home/caesar/Codelab/Web/WebProgrammingClass/Mzuzu-University-Weekend-Timetabling-System/vendor/symfony/mailer/Transport/Smtp/SmtpTransport.php(279): Symfony\\Component\\Mailer\\Transport\\Smtp\\Stream\\SocketStream->initialize()\n#3 /home/caesar/Codelab/Web/WebProgrammingClass/Mzuzu-University-Weekend-Timetabling-System/vendor/symfony/mailer/Transport/Smtp/SmtpTransport.php(211): Symfony\\Component\\Mailer\\Transport\\Smtp\\SmtpTransport->start()\n#4 /home/caesar/Codelab/Web/WebProgrammingClass/Mzuzu-University-Weekend-Timetabling-System/vendor/symfony/mailer/Transport/AbstractTransport.php(69): Symfony\\Component\\Mailer\\Transport\\Smtp\\SmtpTransport->doSend()\n#5 /home/caesar/Codelab/Web/WebProgrammingClass/Mzuzu-University-Weekend-Timetabling-System/vendor/symfony/mailer/Transport/Smtp/SmtpTransport.php(138): Symfony\\Component\\Mailer\\Transport\\AbstractTransport->send()\n#6 /home/caesar/Codelab/Web/WebProgrammingClass/Mzuzu-University-Weekend-Timetabling-System/vendor/laravel/framework/src/Illuminate/Mail/Mailer.php(584): Symfony\\Component\\Mailer\\Transport\\Smtp\\SmtpTransport->send()\n#7 /home/caesar/Codelab/Web/WebProgrammingClass/Mzuzu-University-Weekend-Timetabling-System/vendor/laravel/framework/src/Illuminate/Mail/Mailer.php(331): Illuminate\\Mail\\Mailer->sendSymfonyMessage()\n#8 /home/caesar/Codelab/Web/WebProgrammingClass/Mzuzu-University-Weekend-Timetabling-System/vendor/laravel/framework/src/Illuminate/Notifications/Channels/MailChannel.php(66): Illuminate\\Mail\\Mailer->send()\n#9 /home/caesar/Codelab/Web/WebProgrammingClass/Mzuzu-University-Weekend-Timetabling-System/vendor/laravel/framework/src/Illuminate/Notifications/NotificationSender.php(159): Illuminate\\Notifications\\Channels\\MailChannel->send()\n#10 /home/caesar/Codelab/Web/WebProgrammingClass/Mzuzu-University-Weekend-Timetabling-System/vendor/laravel/framework/src/Illuminate/Notifications/NotificationSender.php(116): Illuminate\\Notifications\\NotificationSender->sendToNotifiable()\n#11 /home/caesar/Codelab/Web/WebProgrammingClass/Mzuzu-University-Weekend-Timetabling-System/vendor/laravel/framework/src/Illuminate/Support/Traits/Localizable.php(19): Illuminate\\Notifications\\NotificationSender->{closure:Illuminate\\Notifications\\NotificationSender::sendNow():111}()\n#12 /home/caesar/Codelab/Web/WebProgrammingClass/Mzuzu-University-Weekend-Timetabling-System/vendor/laravel/framework/src/Illuminate/Notifications/NotificationSender.php(111): Illuminate\\Notifications\\NotificationSender->withLocale()\n#13 /home/caesar/Codelab/Web/WebProgrammingClass/Mzuzu-University-Weekend-Timetabling-System/vendor/laravel/framework/src/Illuminate/Notifications/ChannelManager.php(54): Illuminate\\Notifications\\NotificationSender->sendNow()\n#14 /home/caesar/Codelab/Web/WebProgrammingClass/Mzuzu-University-Weekend-Timetabling-System/vendor/laravel/framework/src/Illuminate/Notifications/SendQueuedNotifications.php(118): Illuminate\\Notifications\\ChannelManager->sendNow()\n#15 /home/caesar/Codelab/Web/WebProgrammingClass/Mzuzu-University-Weekend-Timetabling-System/vendor/laravel/framework/src/Illuminate/Container/BoundMethod.php(36): Illuminate\\Notifications\\SendQueuedNotifications->handle()\n#16 /home/caesar/Codelab/Web/WebProgrammingClass/Mzuzu-University-Weekend-Timetabling-System/vendor/laravel/framework/src/Illuminate/Container/Util.php(43): Illuminate\\Container\\BoundMethod::{closure:Illuminate\\Container\\BoundMethod::call():35}()\n#17 /home/caesar/Codelab/Web/WebProgrammingClass/Mzuzu-University-Weekend-Timetabling-System/vendor/laravel/framework/src/Illuminate/Container/BoundMethod.php(96): Illuminate\\Container\\Util::unwrapIfClosure()\n#18 /home/caesar/Codelab/Web/WebProgrammingClass/Mzuzu-University-Weekend-Timetabling-System/vendor/laravel/framework/src/Illuminate/Container/BoundMethod.php(35): Illuminate\\Container\\BoundMethod::callBoundMethod()\n#19 /home/caesar/Codelab/Web/WebProgrammingClass/Mzuzu-University-Weekend-Timetabling-System/vendor/laravel/framework/src/Illuminate/Container/Container.php(754): Illuminate\\Container\\BoundMethod::call()\n#20 /home/caesar/Codelab/Web/WebProgrammingClass/Mzuzu-University-Weekend-Timetabling-System/vendor/laravel/framework/src/Illuminate/Bus/Dispatcher.php(132): Illuminate\\Container\\Container->call()\n#21 /home/caesar/Codelab/Web/WebProgrammingClass/Mzuzu-University-Weekend-Timetabling-System/vendor/laravel/framework/src/Illuminate/Pipeline/Pipeline.php(169): Illuminate\\Bus\\Dispatcher->{closure:Illuminate\\Bus\\Dispatcher::dispatchNow():129}()\n#22 /home/caesar/Codelab/Web/WebProgrammingClass/Mzuzu-University-Weekend-Timetabling-System/vendor/laravel/framework/src/Illuminate/Pipeline/Pipeline.php(126): Illuminate\\Pipeline\\Pipeline->{closure:Illuminate\\Pipeline\\Pipeline::prepareDestination():167}()\n#23 /home/caesar/Codelab/Web/WebProgrammingClass/Mzuzu-University-Weekend-Timetabling-System/vendor/laravel/framework/src/Illuminate/Bus/Dispatcher.php(136): Illuminate\\Pipeline\\Pipeline->then()\n#24 /home/caesar/Codelab/Web/WebProgrammingClass/Mzuzu-University-Weekend-Timetabling-System/vendor/laravel/framework/src/Illuminate/Queue/CallQueuedHandler.php(125): Illuminate\\Bus\\Dispatcher->dispatchNow()\n#25 /home/caesar/Codelab/Web/WebProgrammingClass/Mzuzu-University-Weekend-Timetabling-System/vendor/laravel/framework/src/Illuminate/Pipeline/Pipeline.php(169): Illuminate\\Queue\\CallQueuedHandler->{closure:Illuminate\\Queue\\CallQueuedHandler::dispatchThroughMiddleware():120}()\n#26 /home/caesar/Codelab/Web/WebProgrammingClass/Mzuzu-University-Weekend-Timetabling-System/vendor/laravel/framework/src/Illuminate/Pipeline/Pipeline.php(126): Illuminate\\Pipeline\\Pipeline->{closure:Illuminate\\Pipeline\\Pipeline::prepareDestination():167}()\n#27 /home/caesar/Codelab/Web/WebProgrammingClass/Mzuzu-University-Weekend-Timetabling-System/vendor/laravel/framework/src/Illuminate/Queue/CallQueuedHandler.php(120): Illuminate\\Pipeline\\Pipeline->then()\n#28 /home/caesar/Codelab/Web/WebProgrammingClass/Mzuzu-University-Weekend-Timetabling-System/vendor/laravel/framework/src/Illuminate/Queue/CallQueuedHandler.php(68): Illuminate\\Queue\\CallQueuedHandler->dispatchThroughMiddleware()\n#29 /home/caesar/Codelab/Web/WebProgrammingClass/Mzuzu-University-Weekend-Timetabling-System/vendor/laravel/framework/src/Illuminate/Queue/Jobs/Job.php(102): Illuminate\\Queue\\CallQueuedHandler->call()\n#30 /home/caesar/Codelab/Web/WebProgrammingClass/Mzuzu-University-Weekend-Timetabling-System/vendor/laravel/framework/src/Illuminate/Queue/Worker.php(444): Illuminate\\Queue\\Jobs\\Job->fire()\n#31 /home/caesar/Codelab/Web/WebProgrammingClass/Mzuzu-University-Weekend-Timetabling-System/vendor/laravel/framework/src/Illuminate/Queue/Worker.php(394): Illuminate\\Queue\\Worker->process()\n#32 /home/caesar/Codelab/Web/WebProgrammingClass/Mzuzu-University-Weekend-Timetabling-System/vendor/laravel/framework/src/Illuminate/Queue/Worker.php(337): Illuminate\\Queue\\Worker->runJob()\n#33 /home/caesar/Codelab/Web/WebProgrammingClass/Mzuzu-University-Weekend-Timetabling-System/vendor/laravel/framework/src/Illuminate/Queue/Console/WorkCommand.php(148): Illuminate\\Queue\\Worker->runNextJob()\n#34 /home/caesar/Codelab/Web/WebProgrammingClass/Mzuzu-University-Weekend-Timetabling-System/vendor/laravel/framework/src/Illuminate/Queue/Console/WorkCommand.php(131): Illuminate\\Queue\\Console\\WorkCommand->runWorker()\n#35 /home/caesar/Codelab/Web/WebProgrammingClass/Mzuzu-University-Weekend-Timetabling-System/vendor/laravel/framework/src/Illuminate/Container/BoundMethod.php(36): Illuminate\\Queue\\Console\\WorkCommand->handle()\n#36 /home/caesar/Codelab/Web/WebProgrammingClass/Mzuzu-University-Weekend-Timetabling-System/vendor/laravel/framework/src/Illuminate/Container/Util.php(43): Illuminate\\Container\\BoundMethod::{closure:Illuminate\\Container\\BoundMethod::call():35}()\n#37 /home/caesar/Codelab/Web/WebProgrammingClass/Mzuzu-University-Weekend-Timetabling-System/vendor/laravel/framework/src/Illuminate/Container/BoundMethod.php(96): Illuminate\\Container\\Util::unwrapIfClosure()\n#38 /home/caesar/Codelab/Web/WebProgrammingClass/Mzuzu-University-Weekend-Timetabling-System/vendor/laravel/framework/src/Illuminate/Container/BoundMethod.php(35): Illuminate\\Container\\BoundMethod::callBoundMethod()\n#39 /home/caesar/Codelab/Web/WebProgrammingClass/Mzuzu-University-Weekend-Timetabling-System/vendor/laravel/framework/src/Illuminate/Container/Container.php(754): Illuminate\\Container\\BoundMethod::call()\n#40 /home/caesar/Codelab/Web/WebProgrammingClass/Mzuzu-University-Weekend-Timetabling-System/vendor/laravel/framework/src/Illuminate/Console/Command.php(211): Illuminate\\Container\\Container->call()\n#41 /home/caesar/Codelab/Web/WebProgrammingClass/Mzuzu-University-Weekend-Timetabling-System/vendor/symfony/console/Command/Command.php(318): Illuminate\\Console\\Command->execute()\n#42 /home/caesar/Codelab/Web/WebProgrammingClass/Mzuzu-University-Weekend-Timetabling-System/vendor/laravel/framework/src/Illuminate/Console/Command.php(180): Symfony\\Component\\Console\\Command\\Command->run()\n#43 /home/caesar/Codelab/Web/WebProgrammingClass/Mzuzu-University-Weekend-Timetabling-System/vendor/symfony/console/Application.php(1092): Illuminate\\Console\\Command->run()\n#44 /home/caesar/Codelab/Web/WebProgrammingClass/Mzuzu-University-Weekend-Timetabling-System/vendor/symfony/console/Application.php(341): Symfony\\Component\\Console\\Application->doRunCommand()\n#45 /home/caesar/Codelab/Web/WebProgrammingClass/Mzuzu-University-Weekend-Timetabling-System/vendor/symfony/console/Application.php(192): Symfony\\Component\\Console\\Application->doRun()\n#46 /home/caesar/Codelab/Web/WebProgrammingClass/Mzuzu-University-Weekend-Timetabling-System/vendor/laravel/framework/src/Illuminate/Foundation/Console/Kernel.php(197): Symfony\\Component\\Console\\Application->run()\n#47 /home/caesar/Codelab/Web/WebProgrammingClass/Mzuzu-University-Weekend-Timetabling-System/vendor/laravel/framework/src/Illuminate/Foundation/Application.php(1234): Illuminate\\Foundation\\Console\\Kernel->handle()\n#48 /home/caesar/Codelab/Web/WebProgrammingClass/Mzuzu-University-Weekend-Timetabling-System/artisan(16): Illuminate\\Foundation\\Application->handleCommand()\n#49 {main}', '2025-06-30 12:30:53');
INSERT INTO `failed_jobs` (`id`, `uuid`, `connection`, `queue`, `payload`, `exception`, `failed_at`) VALUES
(13, '1bbb1def-63db-43d7-a864-5d2b824a60f8', 'database', 'default', '{\"uuid\":\"1bbb1def-63db-43d7-a864-5d2b824a60f8\",\"displayName\":\"App\\\\Notifications\\\\TimetablePublished\",\"job\":\"Illuminate\\\\Queue\\\\CallQueuedHandler@call\",\"maxTries\":null,\"maxExceptions\":null,\"failOnTimeout\":false,\"backoff\":null,\"timeout\":null,\"retryUntil\":null,\"data\":{\"commandName\":\"Illuminate\\\\Notifications\\\\SendQueuedNotifications\",\"command\":\"O:48:\\\"Illuminate\\\\Notifications\\\\SendQueuedNotifications\\\":3:{s:11:\\\"notifiables\\\";O:45:\\\"Illuminate\\\\Contracts\\\\Database\\\\ModelIdentifier\\\":5:{s:5:\\\"class\\\";s:15:\\\"App\\\\Models\\\\User\\\";s:2:\\\"id\\\";a:1:{i:0;i:20;}s:9:\\\"relations\\\";a:0:{}s:10:\\\"connection\\\";s:5:\\\"mysql\\\";s:15:\\\"collectionClass\\\";N;}s:12:\\\"notification\\\";O:36:\\\"App\\\\Notifications\\\\TimetablePublished\\\":2:{s:12:\\\"versionLabel\\\";s:11:\\\"First Draft\\\";s:2:\\\"id\\\";s:36:\\\"b2fd126a-34cd-4ff7-8471-ab8104ed8dce\\\";}s:8:\\\"channels\\\";a:1:{i:0;s:4:\\\"mail\\\";}}\"},\"createdAt\":1751293848,\"delay\":null}', 'Symfony\\Component\\Mailer\\Exception\\TransportException: Connection could not be established with host \"127.0.0.1:1025\": stream_socket_client(): Unable to connect to 127.0.0.1:1025 (Connection refused) in /home/caesar/Codelab/Web/WebProgrammingClass/Mzuzu-University-Weekend-Timetabling-System/vendor/symfony/mailer/Transport/Smtp/Stream/SocketStream.php:154\nStack trace:\n#0 [internal function]: Symfony\\Component\\Mailer\\Transport\\Smtp\\Stream\\SocketStream->{closure:Symfony\\Component\\Mailer\\Transport\\Smtp\\Stream\\SocketStream::initialize():153}()\n#1 /home/caesar/Codelab/Web/WebProgrammingClass/Mzuzu-University-Weekend-Timetabling-System/vendor/symfony/mailer/Transport/Smtp/Stream/SocketStream.php(157): stream_socket_client()\n#2 /home/caesar/Codelab/Web/WebProgrammingClass/Mzuzu-University-Weekend-Timetabling-System/vendor/symfony/mailer/Transport/Smtp/SmtpTransport.php(279): Symfony\\Component\\Mailer\\Transport\\Smtp\\Stream\\SocketStream->initialize()\n#3 /home/caesar/Codelab/Web/WebProgrammingClass/Mzuzu-University-Weekend-Timetabling-System/vendor/symfony/mailer/Transport/Smtp/SmtpTransport.php(211): Symfony\\Component\\Mailer\\Transport\\Smtp\\SmtpTransport->start()\n#4 /home/caesar/Codelab/Web/WebProgrammingClass/Mzuzu-University-Weekend-Timetabling-System/vendor/symfony/mailer/Transport/AbstractTransport.php(69): Symfony\\Component\\Mailer\\Transport\\Smtp\\SmtpTransport->doSend()\n#5 /home/caesar/Codelab/Web/WebProgrammingClass/Mzuzu-University-Weekend-Timetabling-System/vendor/symfony/mailer/Transport/Smtp/SmtpTransport.php(138): Symfony\\Component\\Mailer\\Transport\\AbstractTransport->send()\n#6 /home/caesar/Codelab/Web/WebProgrammingClass/Mzuzu-University-Weekend-Timetabling-System/vendor/laravel/framework/src/Illuminate/Mail/Mailer.php(584): Symfony\\Component\\Mailer\\Transport\\Smtp\\SmtpTransport->send()\n#7 /home/caesar/Codelab/Web/WebProgrammingClass/Mzuzu-University-Weekend-Timetabling-System/vendor/laravel/framework/src/Illuminate/Mail/Mailer.php(331): Illuminate\\Mail\\Mailer->sendSymfonyMessage()\n#8 /home/caesar/Codelab/Web/WebProgrammingClass/Mzuzu-University-Weekend-Timetabling-System/vendor/laravel/framework/src/Illuminate/Notifications/Channels/MailChannel.php(66): Illuminate\\Mail\\Mailer->send()\n#9 /home/caesar/Codelab/Web/WebProgrammingClass/Mzuzu-University-Weekend-Timetabling-System/vendor/laravel/framework/src/Illuminate/Notifications/NotificationSender.php(159): Illuminate\\Notifications\\Channels\\MailChannel->send()\n#10 /home/caesar/Codelab/Web/WebProgrammingClass/Mzuzu-University-Weekend-Timetabling-System/vendor/laravel/framework/src/Illuminate/Notifications/NotificationSender.php(116): Illuminate\\Notifications\\NotificationSender->sendToNotifiable()\n#11 /home/caesar/Codelab/Web/WebProgrammingClass/Mzuzu-University-Weekend-Timetabling-System/vendor/laravel/framework/src/Illuminate/Support/Traits/Localizable.php(19): Illuminate\\Notifications\\NotificationSender->{closure:Illuminate\\Notifications\\NotificationSender::sendNow():111}()\n#12 /home/caesar/Codelab/Web/WebProgrammingClass/Mzuzu-University-Weekend-Timetabling-System/vendor/laravel/framework/src/Illuminate/Notifications/NotificationSender.php(111): Illuminate\\Notifications\\NotificationSender->withLocale()\n#13 /home/caesar/Codelab/Web/WebProgrammingClass/Mzuzu-University-Weekend-Timetabling-System/vendor/laravel/framework/src/Illuminate/Notifications/ChannelManager.php(54): Illuminate\\Notifications\\NotificationSender->sendNow()\n#14 /home/caesar/Codelab/Web/WebProgrammingClass/Mzuzu-University-Weekend-Timetabling-System/vendor/laravel/framework/src/Illuminate/Notifications/SendQueuedNotifications.php(118): Illuminate\\Notifications\\ChannelManager->sendNow()\n#15 /home/caesar/Codelab/Web/WebProgrammingClass/Mzuzu-University-Weekend-Timetabling-System/vendor/laravel/framework/src/Illuminate/Container/BoundMethod.php(36): Illuminate\\Notifications\\SendQueuedNotifications->handle()\n#16 /home/caesar/Codelab/Web/WebProgrammingClass/Mzuzu-University-Weekend-Timetabling-System/vendor/laravel/framework/src/Illuminate/Container/Util.php(43): Illuminate\\Container\\BoundMethod::{closure:Illuminate\\Container\\BoundMethod::call():35}()\n#17 /home/caesar/Codelab/Web/WebProgrammingClass/Mzuzu-University-Weekend-Timetabling-System/vendor/laravel/framework/src/Illuminate/Container/BoundMethod.php(96): Illuminate\\Container\\Util::unwrapIfClosure()\n#18 /home/caesar/Codelab/Web/WebProgrammingClass/Mzuzu-University-Weekend-Timetabling-System/vendor/laravel/framework/src/Illuminate/Container/BoundMethod.php(35): Illuminate\\Container\\BoundMethod::callBoundMethod()\n#19 /home/caesar/Codelab/Web/WebProgrammingClass/Mzuzu-University-Weekend-Timetabling-System/vendor/laravel/framework/src/Illuminate/Container/Container.php(754): Illuminate\\Container\\BoundMethod::call()\n#20 /home/caesar/Codelab/Web/WebProgrammingClass/Mzuzu-University-Weekend-Timetabling-System/vendor/laravel/framework/src/Illuminate/Bus/Dispatcher.php(132): Illuminate\\Container\\Container->call()\n#21 /home/caesar/Codelab/Web/WebProgrammingClass/Mzuzu-University-Weekend-Timetabling-System/vendor/laravel/framework/src/Illuminate/Pipeline/Pipeline.php(169): Illuminate\\Bus\\Dispatcher->{closure:Illuminate\\Bus\\Dispatcher::dispatchNow():129}()\n#22 /home/caesar/Codelab/Web/WebProgrammingClass/Mzuzu-University-Weekend-Timetabling-System/vendor/laravel/framework/src/Illuminate/Pipeline/Pipeline.php(126): Illuminate\\Pipeline\\Pipeline->{closure:Illuminate\\Pipeline\\Pipeline::prepareDestination():167}()\n#23 /home/caesar/Codelab/Web/WebProgrammingClass/Mzuzu-University-Weekend-Timetabling-System/vendor/laravel/framework/src/Illuminate/Bus/Dispatcher.php(136): Illuminate\\Pipeline\\Pipeline->then()\n#24 /home/caesar/Codelab/Web/WebProgrammingClass/Mzuzu-University-Weekend-Timetabling-System/vendor/laravel/framework/src/Illuminate/Queue/CallQueuedHandler.php(125): Illuminate\\Bus\\Dispatcher->dispatchNow()\n#25 /home/caesar/Codelab/Web/WebProgrammingClass/Mzuzu-University-Weekend-Timetabling-System/vendor/laravel/framework/src/Illuminate/Pipeline/Pipeline.php(169): Illuminate\\Queue\\CallQueuedHandler->{closure:Illuminate\\Queue\\CallQueuedHandler::dispatchThroughMiddleware():120}()\n#26 /home/caesar/Codelab/Web/WebProgrammingClass/Mzuzu-University-Weekend-Timetabling-System/vendor/laravel/framework/src/Illuminate/Pipeline/Pipeline.php(126): Illuminate\\Pipeline\\Pipeline->{closure:Illuminate\\Pipeline\\Pipeline::prepareDestination():167}()\n#27 /home/caesar/Codelab/Web/WebProgrammingClass/Mzuzu-University-Weekend-Timetabling-System/vendor/laravel/framework/src/Illuminate/Queue/CallQueuedHandler.php(120): Illuminate\\Pipeline\\Pipeline->then()\n#28 /home/caesar/Codelab/Web/WebProgrammingClass/Mzuzu-University-Weekend-Timetabling-System/vendor/laravel/framework/src/Illuminate/Queue/CallQueuedHandler.php(68): Illuminate\\Queue\\CallQueuedHandler->dispatchThroughMiddleware()\n#29 /home/caesar/Codelab/Web/WebProgrammingClass/Mzuzu-University-Weekend-Timetabling-System/vendor/laravel/framework/src/Illuminate/Queue/Jobs/Job.php(102): Illuminate\\Queue\\CallQueuedHandler->call()\n#30 /home/caesar/Codelab/Web/WebProgrammingClass/Mzuzu-University-Weekend-Timetabling-System/vendor/laravel/framework/src/Illuminate/Queue/Worker.php(444): Illuminate\\Queue\\Jobs\\Job->fire()\n#31 /home/caesar/Codelab/Web/WebProgrammingClass/Mzuzu-University-Weekend-Timetabling-System/vendor/laravel/framework/src/Illuminate/Queue/Worker.php(394): Illuminate\\Queue\\Worker->process()\n#32 /home/caesar/Codelab/Web/WebProgrammingClass/Mzuzu-University-Weekend-Timetabling-System/vendor/laravel/framework/src/Illuminate/Queue/Worker.php(180): Illuminate\\Queue\\Worker->runJob()\n#33 /home/caesar/Codelab/Web/WebProgrammingClass/Mzuzu-University-Weekend-Timetabling-System/vendor/laravel/framework/src/Illuminate/Queue/Console/WorkCommand.php(148): Illuminate\\Queue\\Worker->daemon()\n#34 /home/caesar/Codelab/Web/WebProgrammingClass/Mzuzu-University-Weekend-Timetabling-System/vendor/laravel/framework/src/Illuminate/Queue/Console/WorkCommand.php(131): Illuminate\\Queue\\Console\\WorkCommand->runWorker()\n#35 /home/caesar/Codelab/Web/WebProgrammingClass/Mzuzu-University-Weekend-Timetabling-System/vendor/laravel/framework/src/Illuminate/Container/BoundMethod.php(36): Illuminate\\Queue\\Console\\WorkCommand->handle()\n#36 /home/caesar/Codelab/Web/WebProgrammingClass/Mzuzu-University-Weekend-Timetabling-System/vendor/laravel/framework/src/Illuminate/Container/Util.php(43): Illuminate\\Container\\BoundMethod::{closure:Illuminate\\Container\\BoundMethod::call():35}()\n#37 /home/caesar/Codelab/Web/WebProgrammingClass/Mzuzu-University-Weekend-Timetabling-System/vendor/laravel/framework/src/Illuminate/Container/BoundMethod.php(96): Illuminate\\Container\\Util::unwrapIfClosure()\n#38 /home/caesar/Codelab/Web/WebProgrammingClass/Mzuzu-University-Weekend-Timetabling-System/vendor/laravel/framework/src/Illuminate/Container/BoundMethod.php(35): Illuminate\\Container\\BoundMethod::callBoundMethod()\n#39 /home/caesar/Codelab/Web/WebProgrammingClass/Mzuzu-University-Weekend-Timetabling-System/vendor/laravel/framework/src/Illuminate/Container/Container.php(754): Illuminate\\Container\\BoundMethod::call()\n#40 /home/caesar/Codelab/Web/WebProgrammingClass/Mzuzu-University-Weekend-Timetabling-System/vendor/laravel/framework/src/Illuminate/Console/Command.php(211): Illuminate\\Container\\Container->call()\n#41 /home/caesar/Codelab/Web/WebProgrammingClass/Mzuzu-University-Weekend-Timetabling-System/vendor/symfony/console/Command/Command.php(318): Illuminate\\Console\\Command->execute()\n#42 /home/caesar/Codelab/Web/WebProgrammingClass/Mzuzu-University-Weekend-Timetabling-System/vendor/laravel/framework/src/Illuminate/Console/Command.php(180): Symfony\\Component\\Console\\Command\\Command->run()\n#43 /home/caesar/Codelab/Web/WebProgrammingClass/Mzuzu-University-Weekend-Timetabling-System/vendor/symfony/console/Application.php(1092): Illuminate\\Console\\Command->run()\n#44 /home/caesar/Codelab/Web/WebProgrammingClass/Mzuzu-University-Weekend-Timetabling-System/vendor/symfony/console/Application.php(341): Symfony\\Component\\Console\\Application->doRunCommand()\n#45 /home/caesar/Codelab/Web/WebProgrammingClass/Mzuzu-University-Weekend-Timetabling-System/vendor/symfony/console/Application.php(192): Symfony\\Component\\Console\\Application->doRun()\n#46 /home/caesar/Codelab/Web/WebProgrammingClass/Mzuzu-University-Weekend-Timetabling-System/vendor/laravel/framework/src/Illuminate/Foundation/Console/Kernel.php(197): Symfony\\Component\\Console\\Application->run()\n#47 /home/caesar/Codelab/Web/WebProgrammingClass/Mzuzu-University-Weekend-Timetabling-System/vendor/laravel/framework/src/Illuminate/Foundation/Application.php(1234): Illuminate\\Foundation\\Console\\Kernel->handle()\n#48 /home/caesar/Codelab/Web/WebProgrammingClass/Mzuzu-University-Weekend-Timetabling-System/artisan(16): Illuminate\\Foundation\\Application->handleCommand()\n#49 {main}', '2025-06-30 12:30:53'),
(14, 'a0bcf87c-5169-4940-a1d6-ed4e0bca69a6', 'database', 'default', '{\"uuid\":\"a0bcf87c-5169-4940-a1d6-ed4e0bca69a6\",\"displayName\":\"App\\\\Notifications\\\\TimetablePublished\",\"job\":\"Illuminate\\\\Queue\\\\CallQueuedHandler@call\",\"maxTries\":null,\"maxExceptions\":null,\"failOnTimeout\":false,\"backoff\":null,\"timeout\":null,\"retryUntil\":null,\"data\":{\"commandName\":\"Illuminate\\\\Notifications\\\\SendQueuedNotifications\",\"command\":\"O:48:\\\"Illuminate\\\\Notifications\\\\SendQueuedNotifications\\\":3:{s:11:\\\"notifiables\\\";O:45:\\\"Illuminate\\\\Contracts\\\\Database\\\\ModelIdentifier\\\":5:{s:5:\\\"class\\\";s:15:\\\"App\\\\Models\\\\User\\\";s:2:\\\"id\\\";a:1:{i:0;i:21;}s:9:\\\"relations\\\";a:0:{}s:10:\\\"connection\\\";s:5:\\\"mysql\\\";s:15:\\\"collectionClass\\\";N;}s:12:\\\"notification\\\";O:36:\\\"App\\\\Notifications\\\\TimetablePublished\\\":2:{s:12:\\\"versionLabel\\\";s:11:\\\"First Draft\\\";s:2:\\\"id\\\";s:36:\\\"66b294b4-dc62-40c1-bb22-0f6d780c542f\\\";}s:8:\\\"channels\\\";a:1:{i:0;s:4:\\\"mail\\\";}}\"},\"createdAt\":1751293848,\"delay\":null}', 'Symfony\\Component\\Mailer\\Exception\\TransportException: Connection could not be established with host \"127.0.0.1:1025\": stream_socket_client(): Unable to connect to 127.0.0.1:1025 (Connection refused) in /home/caesar/Codelab/Web/WebProgrammingClass/Mzuzu-University-Weekend-Timetabling-System/vendor/symfony/mailer/Transport/Smtp/Stream/SocketStream.php:154\nStack trace:\n#0 [internal function]: Symfony\\Component\\Mailer\\Transport\\Smtp\\Stream\\SocketStream->{closure:Symfony\\Component\\Mailer\\Transport\\Smtp\\Stream\\SocketStream::initialize():153}()\n#1 /home/caesar/Codelab/Web/WebProgrammingClass/Mzuzu-University-Weekend-Timetabling-System/vendor/symfony/mailer/Transport/Smtp/Stream/SocketStream.php(157): stream_socket_client()\n#2 /home/caesar/Codelab/Web/WebProgrammingClass/Mzuzu-University-Weekend-Timetabling-System/vendor/symfony/mailer/Transport/Smtp/SmtpTransport.php(279): Symfony\\Component\\Mailer\\Transport\\Smtp\\Stream\\SocketStream->initialize()\n#3 /home/caesar/Codelab/Web/WebProgrammingClass/Mzuzu-University-Weekend-Timetabling-System/vendor/symfony/mailer/Transport/Smtp/SmtpTransport.php(211): Symfony\\Component\\Mailer\\Transport\\Smtp\\SmtpTransport->start()\n#4 /home/caesar/Codelab/Web/WebProgrammingClass/Mzuzu-University-Weekend-Timetabling-System/vendor/symfony/mailer/Transport/AbstractTransport.php(69): Symfony\\Component\\Mailer\\Transport\\Smtp\\SmtpTransport->doSend()\n#5 /home/caesar/Codelab/Web/WebProgrammingClass/Mzuzu-University-Weekend-Timetabling-System/vendor/symfony/mailer/Transport/Smtp/SmtpTransport.php(138): Symfony\\Component\\Mailer\\Transport\\AbstractTransport->send()\n#6 /home/caesar/Codelab/Web/WebProgrammingClass/Mzuzu-University-Weekend-Timetabling-System/vendor/laravel/framework/src/Illuminate/Mail/Mailer.php(584): Symfony\\Component\\Mailer\\Transport\\Smtp\\SmtpTransport->send()\n#7 /home/caesar/Codelab/Web/WebProgrammingClass/Mzuzu-University-Weekend-Timetabling-System/vendor/laravel/framework/src/Illuminate/Mail/Mailer.php(331): Illuminate\\Mail\\Mailer->sendSymfonyMessage()\n#8 /home/caesar/Codelab/Web/WebProgrammingClass/Mzuzu-University-Weekend-Timetabling-System/vendor/laravel/framework/src/Illuminate/Notifications/Channels/MailChannel.php(66): Illuminate\\Mail\\Mailer->send()\n#9 /home/caesar/Codelab/Web/WebProgrammingClass/Mzuzu-University-Weekend-Timetabling-System/vendor/laravel/framework/src/Illuminate/Notifications/NotificationSender.php(159): Illuminate\\Notifications\\Channels\\MailChannel->send()\n#10 /home/caesar/Codelab/Web/WebProgrammingClass/Mzuzu-University-Weekend-Timetabling-System/vendor/laravel/framework/src/Illuminate/Notifications/NotificationSender.php(116): Illuminate\\Notifications\\NotificationSender->sendToNotifiable()\n#11 /home/caesar/Codelab/Web/WebProgrammingClass/Mzuzu-University-Weekend-Timetabling-System/vendor/laravel/framework/src/Illuminate/Support/Traits/Localizable.php(19): Illuminate\\Notifications\\NotificationSender->{closure:Illuminate\\Notifications\\NotificationSender::sendNow():111}()\n#12 /home/caesar/Codelab/Web/WebProgrammingClass/Mzuzu-University-Weekend-Timetabling-System/vendor/laravel/framework/src/Illuminate/Notifications/NotificationSender.php(111): Illuminate\\Notifications\\NotificationSender->withLocale()\n#13 /home/caesar/Codelab/Web/WebProgrammingClass/Mzuzu-University-Weekend-Timetabling-System/vendor/laravel/framework/src/Illuminate/Notifications/ChannelManager.php(54): Illuminate\\Notifications\\NotificationSender->sendNow()\n#14 /home/caesar/Codelab/Web/WebProgrammingClass/Mzuzu-University-Weekend-Timetabling-System/vendor/laravel/framework/src/Illuminate/Notifications/SendQueuedNotifications.php(118): Illuminate\\Notifications\\ChannelManager->sendNow()\n#15 /home/caesar/Codelab/Web/WebProgrammingClass/Mzuzu-University-Weekend-Timetabling-System/vendor/laravel/framework/src/Illuminate/Container/BoundMethod.php(36): Illuminate\\Notifications\\SendQueuedNotifications->handle()\n#16 /home/caesar/Codelab/Web/WebProgrammingClass/Mzuzu-University-Weekend-Timetabling-System/vendor/laravel/framework/src/Illuminate/Container/Util.php(43): Illuminate\\Container\\BoundMethod::{closure:Illuminate\\Container\\BoundMethod::call():35}()\n#17 /home/caesar/Codelab/Web/WebProgrammingClass/Mzuzu-University-Weekend-Timetabling-System/vendor/laravel/framework/src/Illuminate/Container/BoundMethod.php(96): Illuminate\\Container\\Util::unwrapIfClosure()\n#18 /home/caesar/Codelab/Web/WebProgrammingClass/Mzuzu-University-Weekend-Timetabling-System/vendor/laravel/framework/src/Illuminate/Container/BoundMethod.php(35): Illuminate\\Container\\BoundMethod::callBoundMethod()\n#19 /home/caesar/Codelab/Web/WebProgrammingClass/Mzuzu-University-Weekend-Timetabling-System/vendor/laravel/framework/src/Illuminate/Container/Container.php(754): Illuminate\\Container\\BoundMethod::call()\n#20 /home/caesar/Codelab/Web/WebProgrammingClass/Mzuzu-University-Weekend-Timetabling-System/vendor/laravel/framework/src/Illuminate/Bus/Dispatcher.php(132): Illuminate\\Container\\Container->call()\n#21 /home/caesar/Codelab/Web/WebProgrammingClass/Mzuzu-University-Weekend-Timetabling-System/vendor/laravel/framework/src/Illuminate/Pipeline/Pipeline.php(169): Illuminate\\Bus\\Dispatcher->{closure:Illuminate\\Bus\\Dispatcher::dispatchNow():129}()\n#22 /home/caesar/Codelab/Web/WebProgrammingClass/Mzuzu-University-Weekend-Timetabling-System/vendor/laravel/framework/src/Illuminate/Pipeline/Pipeline.php(126): Illuminate\\Pipeline\\Pipeline->{closure:Illuminate\\Pipeline\\Pipeline::prepareDestination():167}()\n#23 /home/caesar/Codelab/Web/WebProgrammingClass/Mzuzu-University-Weekend-Timetabling-System/vendor/laravel/framework/src/Illuminate/Bus/Dispatcher.php(136): Illuminate\\Pipeline\\Pipeline->then()\n#24 /home/caesar/Codelab/Web/WebProgrammingClass/Mzuzu-University-Weekend-Timetabling-System/vendor/laravel/framework/src/Illuminate/Queue/CallQueuedHandler.php(125): Illuminate\\Bus\\Dispatcher->dispatchNow()\n#25 /home/caesar/Codelab/Web/WebProgrammingClass/Mzuzu-University-Weekend-Timetabling-System/vendor/laravel/framework/src/Illuminate/Pipeline/Pipeline.php(169): Illuminate\\Queue\\CallQueuedHandler->{closure:Illuminate\\Queue\\CallQueuedHandler::dispatchThroughMiddleware():120}()\n#26 /home/caesar/Codelab/Web/WebProgrammingClass/Mzuzu-University-Weekend-Timetabling-System/vendor/laravel/framework/src/Illuminate/Pipeline/Pipeline.php(126): Illuminate\\Pipeline\\Pipeline->{closure:Illuminate\\Pipeline\\Pipeline::prepareDestination():167}()\n#27 /home/caesar/Codelab/Web/WebProgrammingClass/Mzuzu-University-Weekend-Timetabling-System/vendor/laravel/framework/src/Illuminate/Queue/CallQueuedHandler.php(120): Illuminate\\Pipeline\\Pipeline->then()\n#28 /home/caesar/Codelab/Web/WebProgrammingClass/Mzuzu-University-Weekend-Timetabling-System/vendor/laravel/framework/src/Illuminate/Queue/CallQueuedHandler.php(68): Illuminate\\Queue\\CallQueuedHandler->dispatchThroughMiddleware()\n#29 /home/caesar/Codelab/Web/WebProgrammingClass/Mzuzu-University-Weekend-Timetabling-System/vendor/laravel/framework/src/Illuminate/Queue/Jobs/Job.php(102): Illuminate\\Queue\\CallQueuedHandler->call()\n#30 /home/caesar/Codelab/Web/WebProgrammingClass/Mzuzu-University-Weekend-Timetabling-System/vendor/laravel/framework/src/Illuminate/Queue/Worker.php(444): Illuminate\\Queue\\Jobs\\Job->fire()\n#31 /home/caesar/Codelab/Web/WebProgrammingClass/Mzuzu-University-Weekend-Timetabling-System/vendor/laravel/framework/src/Illuminate/Queue/Worker.php(394): Illuminate\\Queue\\Worker->process()\n#32 /home/caesar/Codelab/Web/WebProgrammingClass/Mzuzu-University-Weekend-Timetabling-System/vendor/laravel/framework/src/Illuminate/Queue/Worker.php(180): Illuminate\\Queue\\Worker->runJob()\n#33 /home/caesar/Codelab/Web/WebProgrammingClass/Mzuzu-University-Weekend-Timetabling-System/vendor/laravel/framework/src/Illuminate/Queue/Console/WorkCommand.php(148): Illuminate\\Queue\\Worker->daemon()\n#34 /home/caesar/Codelab/Web/WebProgrammingClass/Mzuzu-University-Weekend-Timetabling-System/vendor/laravel/framework/src/Illuminate/Queue/Console/WorkCommand.php(131): Illuminate\\Queue\\Console\\WorkCommand->runWorker()\n#35 /home/caesar/Codelab/Web/WebProgrammingClass/Mzuzu-University-Weekend-Timetabling-System/vendor/laravel/framework/src/Illuminate/Container/BoundMethod.php(36): Illuminate\\Queue\\Console\\WorkCommand->handle()\n#36 /home/caesar/Codelab/Web/WebProgrammingClass/Mzuzu-University-Weekend-Timetabling-System/vendor/laravel/framework/src/Illuminate/Container/Util.php(43): Illuminate\\Container\\BoundMethod::{closure:Illuminate\\Container\\BoundMethod::call():35}()\n#37 /home/caesar/Codelab/Web/WebProgrammingClass/Mzuzu-University-Weekend-Timetabling-System/vendor/laravel/framework/src/Illuminate/Container/BoundMethod.php(96): Illuminate\\Container\\Util::unwrapIfClosure()\n#38 /home/caesar/Codelab/Web/WebProgrammingClass/Mzuzu-University-Weekend-Timetabling-System/vendor/laravel/framework/src/Illuminate/Container/BoundMethod.php(35): Illuminate\\Container\\BoundMethod::callBoundMethod()\n#39 /home/caesar/Codelab/Web/WebProgrammingClass/Mzuzu-University-Weekend-Timetabling-System/vendor/laravel/framework/src/Illuminate/Container/Container.php(754): Illuminate\\Container\\BoundMethod::call()\n#40 /home/caesar/Codelab/Web/WebProgrammingClass/Mzuzu-University-Weekend-Timetabling-System/vendor/laravel/framework/src/Illuminate/Console/Command.php(211): Illuminate\\Container\\Container->call()\n#41 /home/caesar/Codelab/Web/WebProgrammingClass/Mzuzu-University-Weekend-Timetabling-System/vendor/symfony/console/Command/Command.php(318): Illuminate\\Console\\Command->execute()\n#42 /home/caesar/Codelab/Web/WebProgrammingClass/Mzuzu-University-Weekend-Timetabling-System/vendor/laravel/framework/src/Illuminate/Console/Command.php(180): Symfony\\Component\\Console\\Command\\Command->run()\n#43 /home/caesar/Codelab/Web/WebProgrammingClass/Mzuzu-University-Weekend-Timetabling-System/vendor/symfony/console/Application.php(1092): Illuminate\\Console\\Command->run()\n#44 /home/caesar/Codelab/Web/WebProgrammingClass/Mzuzu-University-Weekend-Timetabling-System/vendor/symfony/console/Application.php(341): Symfony\\Component\\Console\\Application->doRunCommand()\n#45 /home/caesar/Codelab/Web/WebProgrammingClass/Mzuzu-University-Weekend-Timetabling-System/vendor/symfony/console/Application.php(192): Symfony\\Component\\Console\\Application->doRun()\n#46 /home/caesar/Codelab/Web/WebProgrammingClass/Mzuzu-University-Weekend-Timetabling-System/vendor/laravel/framework/src/Illuminate/Foundation/Console/Kernel.php(197): Symfony\\Component\\Console\\Application->run()\n#47 /home/caesar/Codelab/Web/WebProgrammingClass/Mzuzu-University-Weekend-Timetabling-System/vendor/laravel/framework/src/Illuminate/Foundation/Application.php(1234): Illuminate\\Foundation\\Console\\Kernel->handle()\n#48 /home/caesar/Codelab/Web/WebProgrammingClass/Mzuzu-University-Weekend-Timetabling-System/artisan(16): Illuminate\\Foundation\\Application->handleCommand()\n#49 {main}', '2025-06-30 12:30:54'),
(15, 'f8ed9cbf-48ea-4648-b8e0-f6f5aca401a4', 'database', 'default', '{\"uuid\":\"f8ed9cbf-48ea-4648-b8e0-f6f5aca401a4\",\"displayName\":\"App\\\\Notifications\\\\TimetablePublished\",\"job\":\"Illuminate\\\\Queue\\\\CallQueuedHandler@call\",\"maxTries\":null,\"maxExceptions\":null,\"failOnTimeout\":false,\"backoff\":null,\"timeout\":null,\"retryUntil\":null,\"data\":{\"commandName\":\"Illuminate\\\\Notifications\\\\SendQueuedNotifications\",\"command\":\"O:48:\\\"Illuminate\\\\Notifications\\\\SendQueuedNotifications\\\":3:{s:11:\\\"notifiables\\\";O:45:\\\"Illuminate\\\\Contracts\\\\Database\\\\ModelIdentifier\\\":5:{s:5:\\\"class\\\";s:15:\\\"App\\\\Models\\\\User\\\";s:2:\\\"id\\\";a:1:{i:0;i:22;}s:9:\\\"relations\\\";a:0:{}s:10:\\\"connection\\\";s:5:\\\"mysql\\\";s:15:\\\"collectionClass\\\";N;}s:12:\\\"notification\\\";O:36:\\\"App\\\\Notifications\\\\TimetablePublished\\\":2:{s:12:\\\"versionLabel\\\";s:11:\\\"First Draft\\\";s:2:\\\"id\\\";s:36:\\\"a3c9cec3-1133-473c-97d4-ccaf529d8333\\\";}s:8:\\\"channels\\\";a:1:{i:0;s:4:\\\"mail\\\";}}\"},\"createdAt\":1751293848,\"delay\":null}', 'Symfony\\Component\\Mailer\\Exception\\TransportException: Connection could not be established with host \"127.0.0.1:1025\": stream_socket_client(): Unable to connect to 127.0.0.1:1025 (Connection refused) in /home/caesar/Codelab/Web/WebProgrammingClass/Mzuzu-University-Weekend-Timetabling-System/vendor/symfony/mailer/Transport/Smtp/Stream/SocketStream.php:154\nStack trace:\n#0 [internal function]: Symfony\\Component\\Mailer\\Transport\\Smtp\\Stream\\SocketStream->{closure:Symfony\\Component\\Mailer\\Transport\\Smtp\\Stream\\SocketStream::initialize():153}()\n#1 /home/caesar/Codelab/Web/WebProgrammingClass/Mzuzu-University-Weekend-Timetabling-System/vendor/symfony/mailer/Transport/Smtp/Stream/SocketStream.php(157): stream_socket_client()\n#2 /home/caesar/Codelab/Web/WebProgrammingClass/Mzuzu-University-Weekend-Timetabling-System/vendor/symfony/mailer/Transport/Smtp/SmtpTransport.php(279): Symfony\\Component\\Mailer\\Transport\\Smtp\\Stream\\SocketStream->initialize()\n#3 /home/caesar/Codelab/Web/WebProgrammingClass/Mzuzu-University-Weekend-Timetabling-System/vendor/symfony/mailer/Transport/Smtp/SmtpTransport.php(211): Symfony\\Component\\Mailer\\Transport\\Smtp\\SmtpTransport->start()\n#4 /home/caesar/Codelab/Web/WebProgrammingClass/Mzuzu-University-Weekend-Timetabling-System/vendor/symfony/mailer/Transport/AbstractTransport.php(69): Symfony\\Component\\Mailer\\Transport\\Smtp\\SmtpTransport->doSend()\n#5 /home/caesar/Codelab/Web/WebProgrammingClass/Mzuzu-University-Weekend-Timetabling-System/vendor/symfony/mailer/Transport/Smtp/SmtpTransport.php(138): Symfony\\Component\\Mailer\\Transport\\AbstractTransport->send()\n#6 /home/caesar/Codelab/Web/WebProgrammingClass/Mzuzu-University-Weekend-Timetabling-System/vendor/laravel/framework/src/Illuminate/Mail/Mailer.php(584): Symfony\\Component\\Mailer\\Transport\\Smtp\\SmtpTransport->send()\n#7 /home/caesar/Codelab/Web/WebProgrammingClass/Mzuzu-University-Weekend-Timetabling-System/vendor/laravel/framework/src/Illuminate/Mail/Mailer.php(331): Illuminate\\Mail\\Mailer->sendSymfonyMessage()\n#8 /home/caesar/Codelab/Web/WebProgrammingClass/Mzuzu-University-Weekend-Timetabling-System/vendor/laravel/framework/src/Illuminate/Notifications/Channels/MailChannel.php(66): Illuminate\\Mail\\Mailer->send()\n#9 /home/caesar/Codelab/Web/WebProgrammingClass/Mzuzu-University-Weekend-Timetabling-System/vendor/laravel/framework/src/Illuminate/Notifications/NotificationSender.php(159): Illuminate\\Notifications\\Channels\\MailChannel->send()\n#10 /home/caesar/Codelab/Web/WebProgrammingClass/Mzuzu-University-Weekend-Timetabling-System/vendor/laravel/framework/src/Illuminate/Notifications/NotificationSender.php(116): Illuminate\\Notifications\\NotificationSender->sendToNotifiable()\n#11 /home/caesar/Codelab/Web/WebProgrammingClass/Mzuzu-University-Weekend-Timetabling-System/vendor/laravel/framework/src/Illuminate/Support/Traits/Localizable.php(19): Illuminate\\Notifications\\NotificationSender->{closure:Illuminate\\Notifications\\NotificationSender::sendNow():111}()\n#12 /home/caesar/Codelab/Web/WebProgrammingClass/Mzuzu-University-Weekend-Timetabling-System/vendor/laravel/framework/src/Illuminate/Notifications/NotificationSender.php(111): Illuminate\\Notifications\\NotificationSender->withLocale()\n#13 /home/caesar/Codelab/Web/WebProgrammingClass/Mzuzu-University-Weekend-Timetabling-System/vendor/laravel/framework/src/Illuminate/Notifications/ChannelManager.php(54): Illuminate\\Notifications\\NotificationSender->sendNow()\n#14 /home/caesar/Codelab/Web/WebProgrammingClass/Mzuzu-University-Weekend-Timetabling-System/vendor/laravel/framework/src/Illuminate/Notifications/SendQueuedNotifications.php(118): Illuminate\\Notifications\\ChannelManager->sendNow()\n#15 /home/caesar/Codelab/Web/WebProgrammingClass/Mzuzu-University-Weekend-Timetabling-System/vendor/laravel/framework/src/Illuminate/Container/BoundMethod.php(36): Illuminate\\Notifications\\SendQueuedNotifications->handle()\n#16 /home/caesar/Codelab/Web/WebProgrammingClass/Mzuzu-University-Weekend-Timetabling-System/vendor/laravel/framework/src/Illuminate/Container/Util.php(43): Illuminate\\Container\\BoundMethod::{closure:Illuminate\\Container\\BoundMethod::call():35}()\n#17 /home/caesar/Codelab/Web/WebProgrammingClass/Mzuzu-University-Weekend-Timetabling-System/vendor/laravel/framework/src/Illuminate/Container/BoundMethod.php(96): Illuminate\\Container\\Util::unwrapIfClosure()\n#18 /home/caesar/Codelab/Web/WebProgrammingClass/Mzuzu-University-Weekend-Timetabling-System/vendor/laravel/framework/src/Illuminate/Container/BoundMethod.php(35): Illuminate\\Container\\BoundMethod::callBoundMethod()\n#19 /home/caesar/Codelab/Web/WebProgrammingClass/Mzuzu-University-Weekend-Timetabling-System/vendor/laravel/framework/src/Illuminate/Container/Container.php(754): Illuminate\\Container\\BoundMethod::call()\n#20 /home/caesar/Codelab/Web/WebProgrammingClass/Mzuzu-University-Weekend-Timetabling-System/vendor/laravel/framework/src/Illuminate/Bus/Dispatcher.php(132): Illuminate\\Container\\Container->call()\n#21 /home/caesar/Codelab/Web/WebProgrammingClass/Mzuzu-University-Weekend-Timetabling-System/vendor/laravel/framework/src/Illuminate/Pipeline/Pipeline.php(169): Illuminate\\Bus\\Dispatcher->{closure:Illuminate\\Bus\\Dispatcher::dispatchNow():129}()\n#22 /home/caesar/Codelab/Web/WebProgrammingClass/Mzuzu-University-Weekend-Timetabling-System/vendor/laravel/framework/src/Illuminate/Pipeline/Pipeline.php(126): Illuminate\\Pipeline\\Pipeline->{closure:Illuminate\\Pipeline\\Pipeline::prepareDestination():167}()\n#23 /home/caesar/Codelab/Web/WebProgrammingClass/Mzuzu-University-Weekend-Timetabling-System/vendor/laravel/framework/src/Illuminate/Bus/Dispatcher.php(136): Illuminate\\Pipeline\\Pipeline->then()\n#24 /home/caesar/Codelab/Web/WebProgrammingClass/Mzuzu-University-Weekend-Timetabling-System/vendor/laravel/framework/src/Illuminate/Queue/CallQueuedHandler.php(125): Illuminate\\Bus\\Dispatcher->dispatchNow()\n#25 /home/caesar/Codelab/Web/WebProgrammingClass/Mzuzu-University-Weekend-Timetabling-System/vendor/laravel/framework/src/Illuminate/Pipeline/Pipeline.php(169): Illuminate\\Queue\\CallQueuedHandler->{closure:Illuminate\\Queue\\CallQueuedHandler::dispatchThroughMiddleware():120}()\n#26 /home/caesar/Codelab/Web/WebProgrammingClass/Mzuzu-University-Weekend-Timetabling-System/vendor/laravel/framework/src/Illuminate/Pipeline/Pipeline.php(126): Illuminate\\Pipeline\\Pipeline->{closure:Illuminate\\Pipeline\\Pipeline::prepareDestination():167}()\n#27 /home/caesar/Codelab/Web/WebProgrammingClass/Mzuzu-University-Weekend-Timetabling-System/vendor/laravel/framework/src/Illuminate/Queue/CallQueuedHandler.php(120): Illuminate\\Pipeline\\Pipeline->then()\n#28 /home/caesar/Codelab/Web/WebProgrammingClass/Mzuzu-University-Weekend-Timetabling-System/vendor/laravel/framework/src/Illuminate/Queue/CallQueuedHandler.php(68): Illuminate\\Queue\\CallQueuedHandler->dispatchThroughMiddleware()\n#29 /home/caesar/Codelab/Web/WebProgrammingClass/Mzuzu-University-Weekend-Timetabling-System/vendor/laravel/framework/src/Illuminate/Queue/Jobs/Job.php(102): Illuminate\\Queue\\CallQueuedHandler->call()\n#30 /home/caesar/Codelab/Web/WebProgrammingClass/Mzuzu-University-Weekend-Timetabling-System/vendor/laravel/framework/src/Illuminate/Queue/Worker.php(444): Illuminate\\Queue\\Jobs\\Job->fire()\n#31 /home/caesar/Codelab/Web/WebProgrammingClass/Mzuzu-University-Weekend-Timetabling-System/vendor/laravel/framework/src/Illuminate/Queue/Worker.php(394): Illuminate\\Queue\\Worker->process()\n#32 /home/caesar/Codelab/Web/WebProgrammingClass/Mzuzu-University-Weekend-Timetabling-System/vendor/laravel/framework/src/Illuminate/Queue/Worker.php(180): Illuminate\\Queue\\Worker->runJob()\n#33 /home/caesar/Codelab/Web/WebProgrammingClass/Mzuzu-University-Weekend-Timetabling-System/vendor/laravel/framework/src/Illuminate/Queue/Console/WorkCommand.php(148): Illuminate\\Queue\\Worker->daemon()\n#34 /home/caesar/Codelab/Web/WebProgrammingClass/Mzuzu-University-Weekend-Timetabling-System/vendor/laravel/framework/src/Illuminate/Queue/Console/WorkCommand.php(131): Illuminate\\Queue\\Console\\WorkCommand->runWorker()\n#35 /home/caesar/Codelab/Web/WebProgrammingClass/Mzuzu-University-Weekend-Timetabling-System/vendor/laravel/framework/src/Illuminate/Container/BoundMethod.php(36): Illuminate\\Queue\\Console\\WorkCommand->handle()\n#36 /home/caesar/Codelab/Web/WebProgrammingClass/Mzuzu-University-Weekend-Timetabling-System/vendor/laravel/framework/src/Illuminate/Container/Util.php(43): Illuminate\\Container\\BoundMethod::{closure:Illuminate\\Container\\BoundMethod::call():35}()\n#37 /home/caesar/Codelab/Web/WebProgrammingClass/Mzuzu-University-Weekend-Timetabling-System/vendor/laravel/framework/src/Illuminate/Container/BoundMethod.php(96): Illuminate\\Container\\Util::unwrapIfClosure()\n#38 /home/caesar/Codelab/Web/WebProgrammingClass/Mzuzu-University-Weekend-Timetabling-System/vendor/laravel/framework/src/Illuminate/Container/BoundMethod.php(35): Illuminate\\Container\\BoundMethod::callBoundMethod()\n#39 /home/caesar/Codelab/Web/WebProgrammingClass/Mzuzu-University-Weekend-Timetabling-System/vendor/laravel/framework/src/Illuminate/Container/Container.php(754): Illuminate\\Container\\BoundMethod::call()\n#40 /home/caesar/Codelab/Web/WebProgrammingClass/Mzuzu-University-Weekend-Timetabling-System/vendor/laravel/framework/src/Illuminate/Console/Command.php(211): Illuminate\\Container\\Container->call()\n#41 /home/caesar/Codelab/Web/WebProgrammingClass/Mzuzu-University-Weekend-Timetabling-System/vendor/symfony/console/Command/Command.php(318): Illuminate\\Console\\Command->execute()\n#42 /home/caesar/Codelab/Web/WebProgrammingClass/Mzuzu-University-Weekend-Timetabling-System/vendor/laravel/framework/src/Illuminate/Console/Command.php(180): Symfony\\Component\\Console\\Command\\Command->run()\n#43 /home/caesar/Codelab/Web/WebProgrammingClass/Mzuzu-University-Weekend-Timetabling-System/vendor/symfony/console/Application.php(1092): Illuminate\\Console\\Command->run()\n#44 /home/caesar/Codelab/Web/WebProgrammingClass/Mzuzu-University-Weekend-Timetabling-System/vendor/symfony/console/Application.php(341): Symfony\\Component\\Console\\Application->doRunCommand()\n#45 /home/caesar/Codelab/Web/WebProgrammingClass/Mzuzu-University-Weekend-Timetabling-System/vendor/symfony/console/Application.php(192): Symfony\\Component\\Console\\Application->doRun()\n#46 /home/caesar/Codelab/Web/WebProgrammingClass/Mzuzu-University-Weekend-Timetabling-System/vendor/laravel/framework/src/Illuminate/Foundation/Console/Kernel.php(197): Symfony\\Component\\Console\\Application->run()\n#47 /home/caesar/Codelab/Web/WebProgrammingClass/Mzuzu-University-Weekend-Timetabling-System/vendor/laravel/framework/src/Illuminate/Foundation/Application.php(1234): Illuminate\\Foundation\\Console\\Kernel->handle()\n#48 /home/caesar/Codelab/Web/WebProgrammingClass/Mzuzu-University-Weekend-Timetabling-System/artisan(16): Illuminate\\Foundation\\Application->handleCommand()\n#49 {main}', '2025-06-30 12:30:54'),
(16, 'e321500b-b9c1-49d5-920b-580e68bcff1d', 'database', 'default', '{\"uuid\":\"e321500b-b9c1-49d5-920b-580e68bcff1d\",\"displayName\":\"App\\\\Jobs\\\\RunScheduleGeneration\",\"job\":\"Illuminate\\\\Queue\\\\CallQueuedHandler@call\",\"maxTries\":null,\"maxExceptions\":null,\"failOnTimeout\":false,\"backoff\":null,\"timeout\":null,\"retryUntil\":null,\"data\":{\"commandName\":\"App\\\\Jobs\\\\RunScheduleGeneration\",\"command\":\"O:30:\\\"App\\\\Jobs\\\\RunScheduleGeneration\\\":1:{s:44:\\\"\\u0000App\\\\Jobs\\\\RunScheduleGeneration\\u0000versionLabel\\\";s:12:\\\"Second Draft\\\";}\"},\"createdAt\":1751294283,\"delay\":null}', 'Illuminate\\Queue\\MaxAttemptsExceededException: App\\Jobs\\RunScheduleGeneration has been attempted too many times. in /home/caesar/Codelab/Web/WebProgrammingClass/Mzuzu-University-Weekend-Timetabling-System/vendor/laravel/framework/src/Illuminate/Queue/MaxAttemptsExceededException.php:24\nStack trace:\n#0 /home/caesar/Codelab/Web/WebProgrammingClass/Mzuzu-University-Weekend-Timetabling-System/vendor/laravel/framework/src/Illuminate/Queue/Worker.php(809): Illuminate\\Queue\\MaxAttemptsExceededException::forJob()\n#1 /home/caesar/Codelab/Web/WebProgrammingClass/Mzuzu-University-Weekend-Timetabling-System/vendor/laravel/framework/src/Illuminate/Queue/Worker.php(530): Illuminate\\Queue\\Worker->maxAttemptsExceededException()\n#2 /home/caesar/Codelab/Web/WebProgrammingClass/Mzuzu-University-Weekend-Timetabling-System/vendor/laravel/framework/src/Illuminate/Queue/Worker.php(433): Illuminate\\Queue\\Worker->markJobAsFailedIfAlreadyExceedsMaxAttempts()\n#3 /home/caesar/Codelab/Web/WebProgrammingClass/Mzuzu-University-Weekend-Timetabling-System/vendor/laravel/framework/src/Illuminate/Queue/Worker.php(394): Illuminate\\Queue\\Worker->process()\n#4 /home/caesar/Codelab/Web/WebProgrammingClass/Mzuzu-University-Weekend-Timetabling-System/vendor/laravel/framework/src/Illuminate/Queue/Worker.php(180): Illuminate\\Queue\\Worker->runJob()\n#5 /home/caesar/Codelab/Web/WebProgrammingClass/Mzuzu-University-Weekend-Timetabling-System/vendor/laravel/framework/src/Illuminate/Queue/Console/WorkCommand.php(148): Illuminate\\Queue\\Worker->daemon()\n#6 /home/caesar/Codelab/Web/WebProgrammingClass/Mzuzu-University-Weekend-Timetabling-System/vendor/laravel/framework/src/Illuminate/Queue/Console/WorkCommand.php(131): Illuminate\\Queue\\Console\\WorkCommand->runWorker()\n#7 /home/caesar/Codelab/Web/WebProgrammingClass/Mzuzu-University-Weekend-Timetabling-System/vendor/laravel/framework/src/Illuminate/Container/BoundMethod.php(36): Illuminate\\Queue\\Console\\WorkCommand->handle()\n#8 /home/caesar/Codelab/Web/WebProgrammingClass/Mzuzu-University-Weekend-Timetabling-System/vendor/laravel/framework/src/Illuminate/Container/Util.php(43): Illuminate\\Container\\BoundMethod::{closure:Illuminate\\Container\\BoundMethod::call():35}()\n#9 /home/caesar/Codelab/Web/WebProgrammingClass/Mzuzu-University-Weekend-Timetabling-System/vendor/laravel/framework/src/Illuminate/Container/BoundMethod.php(96): Illuminate\\Container\\Util::unwrapIfClosure()\n#10 /home/caesar/Codelab/Web/WebProgrammingClass/Mzuzu-University-Weekend-Timetabling-System/vendor/laravel/framework/src/Illuminate/Container/BoundMethod.php(35): Illuminate\\Container\\BoundMethod::callBoundMethod()\n#11 /home/caesar/Codelab/Web/WebProgrammingClass/Mzuzu-University-Weekend-Timetabling-System/vendor/laravel/framework/src/Illuminate/Container/Container.php(754): Illuminate\\Container\\BoundMethod::call()\n#12 /home/caesar/Codelab/Web/WebProgrammingClass/Mzuzu-University-Weekend-Timetabling-System/vendor/laravel/framework/src/Illuminate/Console/Command.php(211): Illuminate\\Container\\Container->call()\n#13 /home/caesar/Codelab/Web/WebProgrammingClass/Mzuzu-University-Weekend-Timetabling-System/vendor/symfony/console/Command/Command.php(318): Illuminate\\Console\\Command->execute()\n#14 /home/caesar/Codelab/Web/WebProgrammingClass/Mzuzu-University-Weekend-Timetabling-System/vendor/laravel/framework/src/Illuminate/Console/Command.php(180): Symfony\\Component\\Console\\Command\\Command->run()\n#15 /home/caesar/Codelab/Web/WebProgrammingClass/Mzuzu-University-Weekend-Timetabling-System/vendor/symfony/console/Application.php(1092): Illuminate\\Console\\Command->run()\n#16 /home/caesar/Codelab/Web/WebProgrammingClass/Mzuzu-University-Weekend-Timetabling-System/vendor/symfony/console/Application.php(341): Symfony\\Component\\Console\\Application->doRunCommand()\n#17 /home/caesar/Codelab/Web/WebProgrammingClass/Mzuzu-University-Weekend-Timetabling-System/vendor/symfony/console/Application.php(192): Symfony\\Component\\Console\\Application->doRun()\n#18 /home/caesar/Codelab/Web/WebProgrammingClass/Mzuzu-University-Weekend-Timetabling-System/vendor/laravel/framework/src/Illuminate/Foundation/Console/Kernel.php(197): Symfony\\Component\\Console\\Application->run()\n#19 /home/caesar/Codelab/Web/WebProgrammingClass/Mzuzu-University-Weekend-Timetabling-System/vendor/laravel/framework/src/Illuminate/Foundation/Application.php(1234): Illuminate\\Foundation\\Console\\Kernel->handle()\n#20 /home/caesar/Codelab/Web/WebProgrammingClass/Mzuzu-University-Weekend-Timetabling-System/artisan(16): Illuminate\\Foundation\\Application->handleCommand()\n#21 {main}', '2025-06-30 12:39:34');
INSERT INTO `failed_jobs` (`id`, `uuid`, `connection`, `queue`, `payload`, `exception`, `failed_at`) VALUES
(17, 'd815f9dc-3360-47f5-96ad-8839a485c098', 'database', 'default', '{\"uuid\":\"d815f9dc-3360-47f5-96ad-8839a485c098\",\"displayName\":\"App\\\\Jobs\\\\RunScheduleGeneration\",\"job\":\"Illuminate\\\\Queue\\\\CallQueuedHandler@call\",\"maxTries\":null,\"maxExceptions\":null,\"failOnTimeout\":false,\"backoff\":null,\"timeout\":null,\"retryUntil\":null,\"data\":{\"commandName\":\"App\\\\Jobs\\\\RunScheduleGeneration\",\"command\":\"O:30:\\\"App\\\\Jobs\\\\RunScheduleGeneration\\\":1:{s:44:\\\"\\u0000App\\\\Jobs\\\\RunScheduleGeneration\\u0000versionLabel\\\";s:9:\\\"3rd Draft\\\";}\"},\"createdAt\":1751294537,\"delay\":null}', 'Illuminate\\Queue\\TimeoutExceededException: App\\Jobs\\RunScheduleGeneration has timed out. in /home/caesar/Codelab/Web/WebProgrammingClass/Mzuzu-University-Weekend-Timetabling-System/vendor/laravel/framework/src/Illuminate/Queue/TimeoutExceededException.php:15\nStack trace:\n#0 /home/caesar/Codelab/Web/WebProgrammingClass/Mzuzu-University-Weekend-Timetabling-System/vendor/laravel/framework/src/Illuminate/Queue/Worker.php(820): Illuminate\\Queue\\TimeoutExceededException::forJob()\n#1 /home/caesar/Codelab/Web/WebProgrammingClass/Mzuzu-University-Weekend-Timetabling-System/vendor/laravel/framework/src/Illuminate/Queue/Worker.php(221): Illuminate\\Queue\\Worker->timeoutExceededException()\n#2 /home/caesar/Codelab/Web/WebProgrammingClass/Mzuzu-University-Weekend-Timetabling-System/app/Services/GeneticAlgorithm/Schedule.php(82): Illuminate\\Queue\\Worker->{closure:Illuminate\\Queue\\Worker::registerTimeoutHandler():218}()\n#3 /home/caesar/Codelab/Web/WebProgrammingClass/Mzuzu-University-Weekend-Timetabling-System/app/Services/GeneticAlgorithm/GeneticAlgorithm.php(82): App\\Services\\GeneticAlgorithm\\Schedule::generateRandomSchedule()\n#4 /home/caesar/Codelab/Web/WebProgrammingClass/Mzuzu-University-Weekend-Timetabling-System/app/Services/GeneticAlgorithm/GeneticAlgorithm.php(55): App\\Services\\GeneticAlgorithm\\GeneticAlgorithm->mutateSchedule()\n#5 /home/caesar/Codelab/Web/WebProgrammingClass/Mzuzu-University-Weekend-Timetabling-System/app/Services/GeneticAlgorithm/GeneticAlgorithm.php(28): App\\Services\\GeneticAlgorithm\\GeneticAlgorithm->applyMutation()\n#6 /home/caesar/Codelab/Web/WebProgrammingClass/Mzuzu-University-Weekend-Timetabling-System/app/Jobs/RunScheduleGeneration.php(47): App\\Services\\GeneticAlgorithm\\GeneticAlgorithm->evolve()\n#7 /home/caesar/Codelab/Web/WebProgrammingClass/Mzuzu-University-Weekend-Timetabling-System/vendor/laravel/framework/src/Illuminate/Container/BoundMethod.php(36): App\\Jobs\\RunScheduleGeneration->handle()\n#8 /home/caesar/Codelab/Web/WebProgrammingClass/Mzuzu-University-Weekend-Timetabling-System/vendor/laravel/framework/src/Illuminate/Container/Util.php(43): Illuminate\\Container\\BoundMethod::{closure:Illuminate\\Container\\BoundMethod::call():35}()\n#9 /home/caesar/Codelab/Web/WebProgrammingClass/Mzuzu-University-Weekend-Timetabling-System/vendor/laravel/framework/src/Illuminate/Container/BoundMethod.php(96): Illuminate\\Container\\Util::unwrapIfClosure()\n#10 /home/caesar/Codelab/Web/WebProgrammingClass/Mzuzu-University-Weekend-Timetabling-System/vendor/laravel/framework/src/Illuminate/Container/BoundMethod.php(35): Illuminate\\Container\\BoundMethod::callBoundMethod()\n#11 /home/caesar/Codelab/Web/WebProgrammingClass/Mzuzu-University-Weekend-Timetabling-System/vendor/laravel/framework/src/Illuminate/Container/Container.php(754): Illuminate\\Container\\BoundMethod::call()\n#12 /home/caesar/Codelab/Web/WebProgrammingClass/Mzuzu-University-Weekend-Timetabling-System/vendor/laravel/framework/src/Illuminate/Bus/Dispatcher.php(132): Illuminate\\Container\\Container->call()\n#13 /home/caesar/Codelab/Web/WebProgrammingClass/Mzuzu-University-Weekend-Timetabling-System/vendor/laravel/framework/src/Illuminate/Pipeline/Pipeline.php(169): Illuminate\\Bus\\Dispatcher->{closure:Illuminate\\Bus\\Dispatcher::dispatchNow():129}()\n#14 /home/caesar/Codelab/Web/WebProgrammingClass/Mzuzu-University-Weekend-Timetabling-System/vendor/laravel/framework/src/Illuminate/Pipeline/Pipeline.php(126): Illuminate\\Pipeline\\Pipeline->{closure:Illuminate\\Pipeline\\Pipeline::prepareDestination():167}()\n#15 /home/caesar/Codelab/Web/WebProgrammingClass/Mzuzu-University-Weekend-Timetabling-System/vendor/laravel/framework/src/Illuminate/Bus/Dispatcher.php(136): Illuminate\\Pipeline\\Pipeline->then()\n#16 /home/caesar/Codelab/Web/WebProgrammingClass/Mzuzu-University-Weekend-Timetabling-System/vendor/laravel/framework/src/Illuminate/Queue/CallQueuedHandler.php(125): Illuminate\\Bus\\Dispatcher->dispatchNow()\n#17 /home/caesar/Codelab/Web/WebProgrammingClass/Mzuzu-University-Weekend-Timetabling-System/vendor/laravel/framework/src/Illuminate/Pipeline/Pipeline.php(169): Illuminate\\Queue\\CallQueuedHandler->{closure:Illuminate\\Queue\\CallQueuedHandler::dispatchThroughMiddleware():120}()\n#18 /home/caesar/Codelab/Web/WebProgrammingClass/Mzuzu-University-Weekend-Timetabling-System/vendor/laravel/framework/src/Illuminate/Pipeline/Pipeline.php(126): Illuminate\\Pipeline\\Pipeline->{closure:Illuminate\\Pipeline\\Pipeline::prepareDestination():167}()\n#19 /home/caesar/Codelab/Web/WebProgrammingClass/Mzuzu-University-Weekend-Timetabling-System/vendor/laravel/framework/src/Illuminate/Queue/CallQueuedHandler.php(120): Illuminate\\Pipeline\\Pipeline->then()\n#20 /home/caesar/Codelab/Web/WebProgrammingClass/Mzuzu-University-Weekend-Timetabling-System/vendor/laravel/framework/src/Illuminate/Queue/CallQueuedHandler.php(68): Illuminate\\Queue\\CallQueuedHandler->dispatchThroughMiddleware()\n#21 /home/caesar/Codelab/Web/WebProgrammingClass/Mzuzu-University-Weekend-Timetabling-System/vendor/laravel/framework/src/Illuminate/Queue/Jobs/Job.php(102): Illuminate\\Queue\\CallQueuedHandler->call()\n#22 /home/caesar/Codelab/Web/WebProgrammingClass/Mzuzu-University-Weekend-Timetabling-System/vendor/laravel/framework/src/Illuminate/Queue/Worker.php(444): Illuminate\\Queue\\Jobs\\Job->fire()\n#23 /home/caesar/Codelab/Web/WebProgrammingClass/Mzuzu-University-Weekend-Timetabling-System/vendor/laravel/framework/src/Illuminate/Queue/Worker.php(394): Illuminate\\Queue\\Worker->process()\n#24 /home/caesar/Codelab/Web/WebProgrammingClass/Mzuzu-University-Weekend-Timetabling-System/vendor/laravel/framework/src/Illuminate/Queue/Worker.php(180): Illuminate\\Queue\\Worker->runJob()\n#25 /home/caesar/Codelab/Web/WebProgrammingClass/Mzuzu-University-Weekend-Timetabling-System/vendor/laravel/framework/src/Illuminate/Queue/Console/WorkCommand.php(148): Illuminate\\Queue\\Worker->daemon()\n#26 /home/caesar/Codelab/Web/WebProgrammingClass/Mzuzu-University-Weekend-Timetabling-System/vendor/laravel/framework/src/Illuminate/Queue/Console/WorkCommand.php(131): Illuminate\\Queue\\Console\\WorkCommand->runWorker()\n#27 /home/caesar/Codelab/Web/WebProgrammingClass/Mzuzu-University-Weekend-Timetabling-System/vendor/laravel/framework/src/Illuminate/Container/BoundMethod.php(36): Illuminate\\Queue\\Console\\WorkCommand->handle()\n#28 /home/caesar/Codelab/Web/WebProgrammingClass/Mzuzu-University-Weekend-Timetabling-System/vendor/laravel/framework/src/Illuminate/Container/Util.php(43): Illuminate\\Container\\BoundMethod::{closure:Illuminate\\Container\\BoundMethod::call():35}()\n#29 /home/caesar/Codelab/Web/WebProgrammingClass/Mzuzu-University-Weekend-Timetabling-System/vendor/laravel/framework/src/Illuminate/Container/BoundMethod.php(96): Illuminate\\Container\\Util::unwrapIfClosure()\n#30 /home/caesar/Codelab/Web/WebProgrammingClass/Mzuzu-University-Weekend-Timetabling-System/vendor/laravel/framework/src/Illuminate/Container/BoundMethod.php(35): Illuminate\\Container\\BoundMethod::callBoundMethod()\n#31 /home/caesar/Codelab/Web/WebProgrammingClass/Mzuzu-University-Weekend-Timetabling-System/vendor/laravel/framework/src/Illuminate/Container/Container.php(754): Illuminate\\Container\\BoundMethod::call()\n#32 /home/caesar/Codelab/Web/WebProgrammingClass/Mzuzu-University-Weekend-Timetabling-System/vendor/laravel/framework/src/Illuminate/Console/Command.php(211): Illuminate\\Container\\Container->call()\n#33 /home/caesar/Codelab/Web/WebProgrammingClass/Mzuzu-University-Weekend-Timetabling-System/vendor/symfony/console/Command/Command.php(318): Illuminate\\Console\\Command->execute()\n#34 /home/caesar/Codelab/Web/WebProgrammingClass/Mzuzu-University-Weekend-Timetabling-System/vendor/laravel/framework/src/Illuminate/Console/Command.php(180): Symfony\\Component\\Console\\Command\\Command->run()\n#35 /home/caesar/Codelab/Web/WebProgrammingClass/Mzuzu-University-Weekend-Timetabling-System/vendor/symfony/console/Application.php(1092): Illuminate\\Console\\Command->run()\n#36 /home/caesar/Codelab/Web/WebProgrammingClass/Mzuzu-University-Weekend-Timetabling-System/vendor/symfony/console/Application.php(341): Symfony\\Component\\Console\\Application->doRunCommand()\n#37 /home/caesar/Codelab/Web/WebProgrammingClass/Mzuzu-University-Weekend-Timetabling-System/vendor/symfony/console/Application.php(192): Symfony\\Component\\Console\\Application->doRun()\n#38 /home/caesar/Codelab/Web/WebProgrammingClass/Mzuzu-University-Weekend-Timetabling-System/vendor/laravel/framework/src/Illuminate/Foundation/Console/Kernel.php(197): Symfony\\Component\\Console\\Application->run()\n#39 /home/caesar/Codelab/Web/WebProgrammingClass/Mzuzu-University-Weekend-Timetabling-System/vendor/laravel/framework/src/Illuminate/Foundation/Application.php(1234): Illuminate\\Foundation\\Console\\Kernel->handle()\n#40 /home/caesar/Codelab/Web/WebProgrammingClass/Mzuzu-University-Weekend-Timetabling-System/artisan(16): Illuminate\\Foundation\\Application->handleCommand()\n#41 {main}', '2025-06-30 12:43:20'),
(18, 'c173f2db-8e3c-48d6-becd-200bb71cb338', 'database', 'default', '{\"uuid\":\"c173f2db-8e3c-48d6-becd-200bb71cb338\",\"displayName\":\"App\\\\Jobs\\\\RunScheduleGeneration\",\"job\":\"Illuminate\\\\Queue\\\\CallQueuedHandler@call\",\"maxTries\":null,\"maxExceptions\":null,\"failOnTimeout\":false,\"backoff\":null,\"timeout\":null,\"retryUntil\":null,\"data\":{\"commandName\":\"App\\\\Jobs\\\\RunScheduleGeneration\",\"command\":\"O:30:\\\"App\\\\Jobs\\\\RunScheduleGeneration\\\":1:{s:44:\\\"\\u0000App\\\\Jobs\\\\RunScheduleGeneration\\u0000versionLabel\\\";s:9:\\\"4th draft\\\";}\"},\"createdAt\":1751294667,\"delay\":null}', 'Illuminate\\Queue\\TimeoutExceededException: App\\Jobs\\RunScheduleGeneration has timed out. in /home/caesar/Codelab/Web/WebProgrammingClass/Mzuzu-University-Weekend-Timetabling-System/vendor/laravel/framework/src/Illuminate/Queue/TimeoutExceededException.php:15\nStack trace:\n#0 /home/caesar/Codelab/Web/WebProgrammingClass/Mzuzu-University-Weekend-Timetabling-System/vendor/laravel/framework/src/Illuminate/Queue/Worker.php(820): Illuminate\\Queue\\TimeoutExceededException::forJob()\n#1 /home/caesar/Codelab/Web/WebProgrammingClass/Mzuzu-University-Weekend-Timetabling-System/vendor/laravel/framework/src/Illuminate/Queue/Worker.php(221): Illuminate\\Queue\\Worker->timeoutExceededException()\n#2 [internal function]: Illuminate\\Queue\\Worker->{closure:Illuminate\\Queue\\Worker::registerTimeoutHandler():218}()\n#3 /home/caesar/Codelab/Web/WebProgrammingClass/Mzuzu-University-Weekend-Timetabling-System/app/Services/GeneticAlgorithm/Schedule.php(166): strtotime()\n#4 /home/caesar/Codelab/Web/WebProgrammingClass/Mzuzu-University-Weekend-Timetabling-System/app/Services/GeneticAlgorithm/Schedule.php(142): App\\Services\\GeneticAlgorithm\\Schedule::areConsecutive()\n#5 /home/caesar/Codelab/Web/WebProgrammingClass/Mzuzu-University-Weekend-Timetabling-System/app/Services/GeneticAlgorithm/Schedule.php(74): App\\Services\\GeneticAlgorithm\\Schedule::randomConsecutiveTimeSlotsAvoidingDays()\n#6 /home/caesar/Codelab/Web/WebProgrammingClass/Mzuzu-University-Weekend-Timetabling-System/app/Services/GeneticAlgorithm/GeneticAlgorithm.php(66): App\\Services\\GeneticAlgorithm\\Schedule::generateRandomSchedule()\n#7 /home/caesar/Codelab/Web/WebProgrammingClass/Mzuzu-University-Weekend-Timetabling-System/app/Services/GeneticAlgorithm/GeneticAlgorithm.php(43): App\\Services\\GeneticAlgorithm\\GeneticAlgorithm->crossoverSchedules()\n#8 /home/caesar/Codelab/Web/WebProgrammingClass/Mzuzu-University-Weekend-Timetabling-System/app/Services/GeneticAlgorithm/GeneticAlgorithm.php(27): App\\Services\\GeneticAlgorithm\\GeneticAlgorithm->generateCrossoverPopulation()\n#9 /home/caesar/Codelab/Web/WebProgrammingClass/Mzuzu-University-Weekend-Timetabling-System/app/Jobs/RunScheduleGeneration.php(47): App\\Services\\GeneticAlgorithm\\GeneticAlgorithm->evolve()\n#10 /home/caesar/Codelab/Web/WebProgrammingClass/Mzuzu-University-Weekend-Timetabling-System/vendor/laravel/framework/src/Illuminate/Container/BoundMethod.php(36): App\\Jobs\\RunScheduleGeneration->handle()\n#11 /home/caesar/Codelab/Web/WebProgrammingClass/Mzuzu-University-Weekend-Timetabling-System/vendor/laravel/framework/src/Illuminate/Container/Util.php(43): Illuminate\\Container\\BoundMethod::{closure:Illuminate\\Container\\BoundMethod::call():35}()\n#12 /home/caesar/Codelab/Web/WebProgrammingClass/Mzuzu-University-Weekend-Timetabling-System/vendor/laravel/framework/src/Illuminate/Container/BoundMethod.php(96): Illuminate\\Container\\Util::unwrapIfClosure()\n#13 /home/caesar/Codelab/Web/WebProgrammingClass/Mzuzu-University-Weekend-Timetabling-System/vendor/laravel/framework/src/Illuminate/Container/BoundMethod.php(35): Illuminate\\Container\\BoundMethod::callBoundMethod()\n#14 /home/caesar/Codelab/Web/WebProgrammingClass/Mzuzu-University-Weekend-Timetabling-System/vendor/laravel/framework/src/Illuminate/Container/Container.php(754): Illuminate\\Container\\BoundMethod::call()\n#15 /home/caesar/Codelab/Web/WebProgrammingClass/Mzuzu-University-Weekend-Timetabling-System/vendor/laravel/framework/src/Illuminate/Bus/Dispatcher.php(132): Illuminate\\Container\\Container->call()\n#16 /home/caesar/Codelab/Web/WebProgrammingClass/Mzuzu-University-Weekend-Timetabling-System/vendor/laravel/framework/src/Illuminate/Pipeline/Pipeline.php(169): Illuminate\\Bus\\Dispatcher->{closure:Illuminate\\Bus\\Dispatcher::dispatchNow():129}()\n#17 /home/caesar/Codelab/Web/WebProgrammingClass/Mzuzu-University-Weekend-Timetabling-System/vendor/laravel/framework/src/Illuminate/Pipeline/Pipeline.php(126): Illuminate\\Pipeline\\Pipeline->{closure:Illuminate\\Pipeline\\Pipeline::prepareDestination():167}()\n#18 /home/caesar/Codelab/Web/WebProgrammingClass/Mzuzu-University-Weekend-Timetabling-System/vendor/laravel/framework/src/Illuminate/Bus/Dispatcher.php(136): Illuminate\\Pipeline\\Pipeline->then()\n#19 /home/caesar/Codelab/Web/WebProgrammingClass/Mzuzu-University-Weekend-Timetabling-System/vendor/laravel/framework/src/Illuminate/Queue/CallQueuedHandler.php(125): Illuminate\\Bus\\Dispatcher->dispatchNow()\n#20 /home/caesar/Codelab/Web/WebProgrammingClass/Mzuzu-University-Weekend-Timetabling-System/vendor/laravel/framework/src/Illuminate/Pipeline/Pipeline.php(169): Illuminate\\Queue\\CallQueuedHandler->{closure:Illuminate\\Queue\\CallQueuedHandler::dispatchThroughMiddleware():120}()\n#21 /home/caesar/Codelab/Web/WebProgrammingClass/Mzuzu-University-Weekend-Timetabling-System/vendor/laravel/framework/src/Illuminate/Pipeline/Pipeline.php(126): Illuminate\\Pipeline\\Pipeline->{closure:Illuminate\\Pipeline\\Pipeline::prepareDestination():167}()\n#22 /home/caesar/Codelab/Web/WebProgrammingClass/Mzuzu-University-Weekend-Timetabling-System/vendor/laravel/framework/src/Illuminate/Queue/CallQueuedHandler.php(120): Illuminate\\Pipeline\\Pipeline->then()\n#23 /home/caesar/Codelab/Web/WebProgrammingClass/Mzuzu-University-Weekend-Timetabling-System/vendor/laravel/framework/src/Illuminate/Queue/CallQueuedHandler.php(68): Illuminate\\Queue\\CallQueuedHandler->dispatchThroughMiddleware()\n#24 /home/caesar/Codelab/Web/WebProgrammingClass/Mzuzu-University-Weekend-Timetabling-System/vendor/laravel/framework/src/Illuminate/Queue/Jobs/Job.php(102): Illuminate\\Queue\\CallQueuedHandler->call()\n#25 /home/caesar/Codelab/Web/WebProgrammingClass/Mzuzu-University-Weekend-Timetabling-System/vendor/laravel/framework/src/Illuminate/Queue/Worker.php(444): Illuminate\\Queue\\Jobs\\Job->fire()\n#26 /home/caesar/Codelab/Web/WebProgrammingClass/Mzuzu-University-Weekend-Timetabling-System/vendor/laravel/framework/src/Illuminate/Queue/Worker.php(394): Illuminate\\Queue\\Worker->process()\n#27 /home/caesar/Codelab/Web/WebProgrammingClass/Mzuzu-University-Weekend-Timetabling-System/vendor/laravel/framework/src/Illuminate/Queue/Worker.php(180): Illuminate\\Queue\\Worker->runJob()\n#28 /home/caesar/Codelab/Web/WebProgrammingClass/Mzuzu-University-Weekend-Timetabling-System/vendor/laravel/framework/src/Illuminate/Queue/Console/WorkCommand.php(148): Illuminate\\Queue\\Worker->daemon()\n#29 /home/caesar/Codelab/Web/WebProgrammingClass/Mzuzu-University-Weekend-Timetabling-System/vendor/laravel/framework/src/Illuminate/Queue/Console/WorkCommand.php(131): Illuminate\\Queue\\Console\\WorkCommand->runWorker()\n#30 /home/caesar/Codelab/Web/WebProgrammingClass/Mzuzu-University-Weekend-Timetabling-System/vendor/laravel/framework/src/Illuminate/Container/BoundMethod.php(36): Illuminate\\Queue\\Console\\WorkCommand->handle()\n#31 /home/caesar/Codelab/Web/WebProgrammingClass/Mzuzu-University-Weekend-Timetabling-System/vendor/laravel/framework/src/Illuminate/Container/Util.php(43): Illuminate\\Container\\BoundMethod::{closure:Illuminate\\Container\\BoundMethod::call():35}()\n#32 /home/caesar/Codelab/Web/WebProgrammingClass/Mzuzu-University-Weekend-Timetabling-System/vendor/laravel/framework/src/Illuminate/Container/BoundMethod.php(96): Illuminate\\Container\\Util::unwrapIfClosure()\n#33 /home/caesar/Codelab/Web/WebProgrammingClass/Mzuzu-University-Weekend-Timetabling-System/vendor/laravel/framework/src/Illuminate/Container/BoundMethod.php(35): Illuminate\\Container\\BoundMethod::callBoundMethod()\n#34 /home/caesar/Codelab/Web/WebProgrammingClass/Mzuzu-University-Weekend-Timetabling-System/vendor/laravel/framework/src/Illuminate/Container/Container.php(754): Illuminate\\Container\\BoundMethod::call()\n#35 /home/caesar/Codelab/Web/WebProgrammingClass/Mzuzu-University-Weekend-Timetabling-System/vendor/laravel/framework/src/Illuminate/Console/Command.php(211): Illuminate\\Container\\Container->call()\n#36 /home/caesar/Codelab/Web/WebProgrammingClass/Mzuzu-University-Weekend-Timetabling-System/vendor/symfony/console/Command/Command.php(318): Illuminate\\Console\\Command->execute()\n#37 /home/caesar/Codelab/Web/WebProgrammingClass/Mzuzu-University-Weekend-Timetabling-System/vendor/laravel/framework/src/Illuminate/Console/Command.php(180): Symfony\\Component\\Console\\Command\\Command->run()\n#38 /home/caesar/Codelab/Web/WebProgrammingClass/Mzuzu-University-Weekend-Timetabling-System/vendor/symfony/console/Application.php(1092): Illuminate\\Console\\Command->run()\n#39 /home/caesar/Codelab/Web/WebProgrammingClass/Mzuzu-University-Weekend-Timetabling-System/vendor/symfony/console/Application.php(341): Symfony\\Component\\Console\\Application->doRunCommand()\n#40 /home/caesar/Codelab/Web/WebProgrammingClass/Mzuzu-University-Weekend-Timetabling-System/vendor/symfony/console/Application.php(192): Symfony\\Component\\Console\\Application->doRun()\n#41 /home/caesar/Codelab/Web/WebProgrammingClass/Mzuzu-University-Weekend-Timetabling-System/vendor/laravel/framework/src/Illuminate/Foundation/Console/Kernel.php(197): Symfony\\Component\\Console\\Application->run()\n#42 /home/caesar/Codelab/Web/WebProgrammingClass/Mzuzu-University-Weekend-Timetabling-System/vendor/laravel/framework/src/Illuminate/Foundation/Application.php(1234): Illuminate\\Foundation\\Console\\Kernel->handle()\n#43 /home/caesar/Codelab/Web/WebProgrammingClass/Mzuzu-University-Weekend-Timetabling-System/artisan(16): Illuminate\\Foundation\\Application->handleCommand()\n#44 {main}', '2025-06-30 12:45:29');

-- --------------------------------------------------------

--
-- Table structure for table `ga_parameters`
--

CREATE TABLE `ga_parameters` (
  `id` bigint(20) UNSIGNED NOT NULL,
  `population_size` int(11) NOT NULL,
  `number_of_generations` int(11) NOT NULL,
  `mutation_rate` double NOT NULL,
  `crossover_rate` double NOT NULL,
  `tournament_size` int(11) NOT NULL,
  `elite_schedules` int(11) NOT NULL,
  `last_updated` timestamp NOT NULL DEFAULT current_timestamp() ON UPDATE current_timestamp()
) ENGINE=InnoDB DEFAULT CHARSET=utf8mb4 COLLATE=utf8mb4_unicode_ci;

--
-- Dumping data for table `ga_parameters`
--

INSERT INTO `ga_parameters` (`id`, `population_size`, `number_of_generations`, `mutation_rate`, `crossover_rate`, `tournament_size`, `elite_schedules`, `last_updated`) VALUES
(1, 100, 500, 0.05, 0.8, 5, 1, '2025-06-29 14:52:57');

-- --------------------------------------------------------

--
-- Table structure for table `jobs`
--

CREATE TABLE `jobs` (
  `id` bigint(20) UNSIGNED NOT NULL,
  `queue` varchar(255) NOT NULL,
  `payload` longtext NOT NULL,
  `attempts` tinyint(3) UNSIGNED NOT NULL,
  `reserved_at` int(10) UNSIGNED DEFAULT NULL,
  `available_at` int(10) UNSIGNED NOT NULL,
  `created_at` int(10) UNSIGNED NOT NULL
) ENGINE=InnoDB DEFAULT CHARSET=utf8mb4 COLLATE=utf8mb4_unicode_ci;

--
-- Dumping data for table `jobs`
--

INSERT INTO `jobs` (`id`, `queue`, `payload`, `attempts`, `reserved_at`, `available_at`, `created_at`) VALUES
(31, 'default', '{\"uuid\":\"d7b4c222-8922-4606-8ef8-af72bd1cc281\",\"displayName\":\"App\\\\Jobs\\\\RunScheduleGeneration\",\"job\":\"Illuminate\\\\Queue\\\\CallQueuedHandler@call\",\"maxTries\":null,\"maxExceptions\":null,\"failOnTimeout\":false,\"backoff\":null,\"timeout\":null,\"retryUntil\":null,\"data\":{\"commandName\":\"App\\\\Jobs\\\\RunScheduleGeneration\",\"command\":\"O:30:\\\"App\\\\Jobs\\\\RunScheduleGeneration\\\":1:{s:44:\\\"\\u0000App\\\\Jobs\\\\RunScheduleGeneration\\u0000versionLabel\\\";s:9:\\\"5th draft\\\";}\"},\"createdAt\":1751294925,\"delay\":null}', 1, 1751294927, 1751294925, 1751294925);

-- --------------------------------------------------------

--
-- Table structure for table `job_batches`
--

CREATE TABLE `job_batches` (
  `id` varchar(255) NOT NULL,
  `name` varchar(255) NOT NULL,
  `total_jobs` int(11) NOT NULL,
  `pending_jobs` int(11) NOT NULL,
  `failed_jobs` int(11) NOT NULL,
  `failed_job_ids` longtext NOT NULL,
  `options` mediumtext DEFAULT NULL,
  `cancelled_at` int(11) DEFAULT NULL,
  `created_at` int(11) NOT NULL,
  `finished_at` int(11) DEFAULT NULL
) ENGINE=InnoDB DEFAULT CHARSET=utf8mb4 COLLATE=utf8mb4_unicode_ci;

-- --------------------------------------------------------

--
-- Table structure for table `lecturers`
--

CREATE TABLE `lecturers` (
  `id` bigint(20) UNSIGNED NOT NULL,
  `user_id` bigint(20) UNSIGNED NOT NULL,
  `department_id` bigint(20) UNSIGNED NOT NULL,
  `created_at` timestamp NULL DEFAULT NULL,
  `updated_at` timestamp NULL DEFAULT NULL
) ENGINE=InnoDB DEFAULT CHARSET=utf8mb4 COLLATE=utf8mb4_unicode_ci;

--
-- Dumping data for table `lecturers`
--

INSERT INTO `lecturers` (`id`, `user_id`, `department_id`, `created_at`, `updated_at`) VALUES
(5, 9, 1, '2025-06-30 12:03:57', '2025-06-30 12:03:57'),
(6, 10, 1, '2025-06-30 12:04:14', '2025-06-30 12:04:14'),
(7, 11, 1, '2025-06-30 12:04:20', '2025-06-30 12:04:20'),
(8, 12, 1, '2025-06-30 12:04:26', '2025-06-30 12:04:26'),
(9, 13, 1, '2025-06-30 12:04:31', '2025-06-30 12:04:31'),
(10, 14, 1, '2025-06-30 12:04:38', '2025-06-30 12:04:38'),
(11, 15, 1, '2025-06-30 12:04:44', '2025-06-30 12:04:44'),
(12, 16, 1, '2025-06-30 12:04:50', '2025-06-30 12:04:50'),
(13, 17, 1, '2025-06-30 12:04:56', '2025-06-30 12:04:56'),
(14, 18, 1, '2025-06-30 12:05:04', '2025-06-30 12:05:04'),
(15, 19, 1, '2025-06-30 12:05:09', '2025-06-30 12:05:09'),
(16, 20, 1, '2025-06-30 12:05:38', '2025-06-30 12:05:38'),
(17, 21, 1, '2025-06-30 12:05:47', '2025-06-30 12:05:47'),
(18, 22, 1, '2025-06-30 12:05:53', '2025-06-30 12:05:53');

-- --------------------------------------------------------

--
-- Table structure for table `lecturer_course_allocations`
--

CREATE TABLE `lecturer_course_allocations` (
  `id` bigint(20) UNSIGNED NOT NULL,
  `course_id` bigint(20) UNSIGNED NOT NULL,
  `lecturer_id` bigint(20) UNSIGNED NOT NULL,
  `level` int(11) NOT NULL,
  `created_at` timestamp NULL DEFAULT NULL,
  `updated_at` timestamp NULL DEFAULT NULL
) ENGINE=InnoDB DEFAULT CHARSET=utf8mb4 COLLATE=utf8mb4_unicode_ci;

--
-- Dumping data for table `lecturer_course_allocations`
--

INSERT INTO `lecturer_course_allocations` (`id`, `course_id`, `lecturer_id`, `level`, `created_at`, `updated_at`) VALUES
(5, 13, 5, 1, '2025-06-30 12:06:57', '2025-06-30 12:06:57'),
(6, 14, 7, 1, '2025-06-30 12:07:32', '2025-06-30 12:07:32'),
(7, 37, 8, 1, '2025-06-30 12:10:10', '2025-06-30 12:10:10'),
(8, 32, 16, 2, '2025-06-30 12:11:34', '2025-06-30 12:11:34'),
(9, 18, 7, 1, '2025-06-30 12:12:39', '2025-06-30 12:12:39'),
(10, 20, 9, 2, '2025-06-30 12:13:19', '2025-06-30 12:13:19'),
(11, 21, 8, 2, '2025-06-30 12:13:56', '2025-06-30 12:13:56'),
(12, 22, 9, 2, '2025-06-30 12:14:20', '2025-06-30 12:14:20'),
(13, 23, 10, 3, '2025-06-30 12:15:47', '2025-06-30 12:15:47'),
(14, 15, 10, 3, '2025-06-30 12:17:20', '2025-06-30 12:17:20'),
(15, 25, 11, 3, '2025-06-30 12:18:06', '2025-06-30 12:18:06'),
(16, 27, 12, 4, '2025-06-30 12:19:08', '2025-06-30 12:19:08'),
(17, 28, 13, 4, '2025-06-30 12:19:49', '2025-06-30 12:19:49'),
(18, 29, 14, 4, '2025-06-30 12:20:51', '2025-06-30 12:20:51'),
(19, 32, 16, 1, '2025-06-30 12:22:56', '2025-06-30 12:23:15'),
(20, 21, 8, 1, '2025-06-30 12:23:34', '2025-06-30 12:23:34'),
(21, 33, 17, 1, '2025-06-30 12:24:00', '2025-06-30 12:24:00');

-- --------------------------------------------------------

--
-- Table structure for table `migrations`
--

CREATE TABLE `migrations` (
  `id` int(10) UNSIGNED NOT NULL,
  `migration` varchar(255) NOT NULL,
  `batch` int(11) NOT NULL
) ENGINE=InnoDB DEFAULT CHARSET=utf8mb4 COLLATE=utf8mb4_unicode_ci;

--
-- Dumping data for table `migrations`
--

INSERT INTO `migrations` (`id`, `migration`, `batch`) VALUES
(1, '0001_01_01_000000_create_users_table', 1),
(2, '0001_01_01_000001_create_cache_table', 1),
(3, '0001_01_01_000002_create_jobs_table', 1),
(4, '2025_05_23_065816_create_roles_table', 1),
(5, '2025_05_23_072446_user_roles', 1),
(6, '2025_05_25_120825_create_departments_table', 1),
(7, '2025_05_25_121019_create_programmes_table', 1),
(8, '2025_05_25_121252_create_lecturers_table', 1),
(9, '2025_05_25_121519_create_students_table', 1),
(10, '2025_05_25_121840_create_courses_table', 1),
(11, '2025_05_25_121941_create_lecturer_course_allocations_table', 1),
(12, '2025_05_25_122332_create_venues_table', 1),
(13, '2025_05_25_122333_create_schedule_entries_table', 1),
(14, '2025_05_25_122833_create_constraints_table', 1),
(15, '2025_05_25_123335_create_ga_parameters_table', 1),
(16, '2025_06_17_205002_allocation_programme', 1),
(17, '2025_06_18_070226_create_settings_table', 1),
(18, '2025_06_18_121718_create_schedule_days_table', 1),
(19, '2025_06_21_181733_create_schedule_versions_table', 1),
(20, '2025_06_21_181909_add_schedule_version_id_to_schedule_entries', 1);

-- --------------------------------------------------------

--
-- Table structure for table `password_reset_tokens`
--

CREATE TABLE `password_reset_tokens` (
  `email` varchar(255) NOT NULL,
  `token` varchar(255) NOT NULL,
  `created_at` timestamp NULL DEFAULT NULL
) ENGINE=InnoDB DEFAULT CHARSET=utf8mb4 COLLATE=utf8mb4_unicode_ci;

-- --------------------------------------------------------

--
-- Table structure for table `programmes`
--

CREATE TABLE `programmes` (
  `id` bigint(20) UNSIGNED NOT NULL,
  `code` varchar(255) NOT NULL,
  `name` varchar(255) NOT NULL,
  `department_id` bigint(20) UNSIGNED NOT NULL,
  `created_at` timestamp NULL DEFAULT NULL,
  `updated_at` timestamp NULL DEFAULT NULL
) ENGINE=InnoDB DEFAULT CHARSET=utf8mb4 COLLATE=utf8mb4_unicode_ci;

--
-- Dumping data for table `programmes`
--

INSERT INTO `programmes` (`id`, `code`, `name`, `department_id`, `created_at`, `updated_at`) VALUES
(1, 'BSDS', 'BSc Data Science', 1, '2025-06-29 12:45:32', '2025-06-30 10:27:39'),
(2, 'DICT', 'Diploma in ICT', 1, '2025-06-29 12:45:32', '2025-06-30 10:28:40'),
(3, 'DUICT', 'Diploma Upgrading in ICT', 1, '2025-06-29 12:45:32', '2025-06-30 10:29:38');

-- --------------------------------------------------------

--
-- Table structure for table `roles`
--

CREATE TABLE `roles` (
  `id` bigint(20) UNSIGNED NOT NULL,
  `name` varchar(255) NOT NULL,
  `created_at` timestamp NULL DEFAULT NULL,
  `updated_at` timestamp NULL DEFAULT NULL
) ENGINE=InnoDB DEFAULT CHARSET=utf8mb4 COLLATE=utf8mb4_unicode_ci;

--
-- Dumping data for table `roles`
--

INSERT INTO `roles` (`id`, `name`, `created_at`, `updated_at`) VALUES
(1, 'Admin', '2025-06-29 12:45:20', '2025-06-29 12:45:20'),
(2, 'Student', '2025-06-29 12:45:20', '2025-06-29 12:45:20'),
(3, 'Lecturer', '2025-06-29 12:45:20', '2025-06-29 12:45:20'),
(4, 'HOD', '2025-06-29 12:45:20', '2025-06-29 12:45:20');

-- --------------------------------------------------------

--
-- Table structure for table `schedule_days`
--

CREATE TABLE `schedule_days` (
  `id` bigint(20) UNSIGNED NOT NULL,
  `name` varchar(255) NOT NULL,
  `enabled` tinyint(1) NOT NULL DEFAULT 0,
  `start_time` time NOT NULL DEFAULT '07:00:00',
  `end_time` time NOT NULL DEFAULT '18:00:00'
) ENGINE=InnoDB DEFAULT CHARSET=utf8mb4 COLLATE=utf8mb4_unicode_ci;

--
-- Dumping data for table `schedule_days`
--

INSERT INTO `schedule_days` (`id`, `name`, `enabled`, `start_time`, `end_time`) VALUES
(1, 'Sunday', 1, '07:00:00', '13:30:00'),
(2, 'Monday', 0, '07:00:00', '18:00:00'),
(3, 'Tuesday', 0, '07:00:00', '18:00:00'),
(4, 'Wednesday', 0, '07:00:00', '18:00:00'),
(5, 'Thursday', 0, '07:00:00', '18:00:00'),
(6, 'Friday', 1, '15:30:00', '18:00:00'),
(7, 'Saturday', 1, '07:00:00', '18:00:00');

-- --------------------------------------------------------

--
-- Table structure for table `schedule_entries`
--

CREATE TABLE `schedule_entries` (
  `id` bigint(20) UNSIGNED NOT NULL,
  `day` varchar(255) NOT NULL,
  `level` int(11) NOT NULL,
  `start_time` time NOT NULL,
  `end_time` time NOT NULL,
  `programme_id` bigint(20) UNSIGNED NOT NULL,
  `lecturer_id` bigint(20) UNSIGNED NOT NULL,
  `course_id` bigint(20) UNSIGNED NOT NULL,
  `venue_id` bigint(20) UNSIGNED NOT NULL,
  `created_at` timestamp NULL DEFAULT NULL,
  `updated_at` timestamp NULL DEFAULT NULL,
  `schedule_version_id` bigint(20) UNSIGNED NOT NULL
) ENGINE=InnoDB DEFAULT CHARSET=utf8mb4 COLLATE=utf8mb4_unicode_ci;

--
-- Dumping data for table `schedule_entries`
--

INSERT INTO `schedule_entries` (`id`, `day`, `level`, `start_time`, `end_time`, `programme_id`, `lecturer_id`, `course_id`, `venue_id`, `created_at`, `updated_at`, `schedule_version_id`) VALUES
(117, 'Friday', 1, '10:00:00', '11:00:00', 1, 5, 13, 7, '2025-06-30 12:30:37', '2025-06-30 12:30:37', 4),
(118, 'Friday', 1, '10:00:00', '11:00:00', 2, 5, 13, 7, '2025-06-30 12:30:37', '2025-06-30 12:30:37', 4),
(119, 'Friday', 1, '10:00:00', '11:00:00', 3, 5, 13, 7, '2025-06-30 12:30:37', '2025-06-30 12:30:37', 4),
(120, 'Friday', 1, '11:00:00', '12:00:00', 1, 5, 13, 7, '2025-06-30 12:30:37', '2025-06-30 12:30:37', 4),
(121, 'Friday', 1, '11:00:00', '12:00:00', 2, 5, 13, 7, '2025-06-30 12:30:37', '2025-06-30 12:30:37', 4),
(122, 'Friday', 1, '11:00:00', '12:00:00', 3, 5, 13, 7, '2025-06-30 12:30:37', '2025-06-30 12:30:37', 4),
(123, 'Friday', 1, '12:00:00', '13:00:00', 1, 5, 13, 7, '2025-06-30 12:30:37', '2025-06-30 12:30:37', 4),
(124, 'Friday', 1, '12:00:00', '13:00:00', 2, 5, 13, 7, '2025-06-30 12:30:37', '2025-06-30 12:30:37', 4),
(125, 'Friday', 1, '12:00:00', '13:00:00', 3, 5, 13, 7, '2025-06-30 12:30:37', '2025-06-30 12:30:37', 4),
(126, 'Saturday', 1, '11:00:00', '12:00:00', 1, 7, 14, 9, '2025-06-30 12:30:37', '2025-06-30 12:30:37', 4),
(127, 'Saturday', 1, '11:00:00', '12:00:00', 2, 7, 14, 9, '2025-06-30 12:30:37', '2025-06-30 12:30:37', 4),
(128, 'Saturday', 1, '11:00:00', '12:00:00', 3, 7, 14, 9, '2025-06-30 12:30:37', '2025-06-30 12:30:37', 4),
(129, 'Saturday', 1, '12:00:00', '13:00:00', 1, 7, 14, 9, '2025-06-30 12:30:37', '2025-06-30 12:30:37', 4),
(130, 'Saturday', 1, '12:00:00', '13:00:00', 2, 7, 14, 9, '2025-06-30 12:30:37', '2025-06-30 12:30:37', 4),
(131, 'Saturday', 1, '12:00:00', '13:00:00', 3, 7, 14, 9, '2025-06-30 12:30:37', '2025-06-30 12:30:37', 4),
(132, 'Saturday', 1, '13:00:00', '14:00:00', 1, 7, 14, 9, '2025-06-30 12:30:37', '2025-06-30 12:30:37', 4),
(133, 'Saturday', 1, '13:00:00', '14:00:00', 2, 7, 14, 9, '2025-06-30 12:30:37', '2025-06-30 12:30:37', 4),
(134, 'Saturday', 1, '13:00:00', '14:00:00', 3, 7, 14, 9, '2025-06-30 12:30:37', '2025-06-30 12:30:37', 4),
(135, 'Saturday', 1, '14:00:00', '15:00:00', 1, 8, 37, 8, '2025-06-30 12:30:37', '2025-06-30 12:30:37', 4),
(136, 'Saturday', 1, '14:00:00', '15:00:00', 2, 8, 37, 8, '2025-06-30 12:30:37', '2025-06-30 12:30:37', 4),
(137, 'Saturday', 1, '14:00:00', '15:00:00', 3, 8, 37, 8, '2025-06-30 12:30:37', '2025-06-30 12:30:37', 4),
(138, 'Saturday', 1, '15:00:00', '16:00:00', 1, 8, 37, 8, '2025-06-30 12:30:37', '2025-06-30 12:30:37', 4),
(139, 'Saturday', 1, '15:00:00', '16:00:00', 2, 8, 37, 8, '2025-06-30 12:30:37', '2025-06-30 12:30:37', 4),
(140, 'Saturday', 1, '15:00:00', '16:00:00', 3, 8, 37, 8, '2025-06-30 12:30:37', '2025-06-30 12:30:37', 4),
(141, 'Saturday', 1, '16:00:00', '17:00:00', 1, 8, 37, 8, '2025-06-30 12:30:37', '2025-06-30 12:30:37', 4),
(142, 'Saturday', 1, '16:00:00', '17:00:00', 2, 8, 37, 8, '2025-06-30 12:30:37', '2025-06-30 12:30:37', 4),
(143, 'Saturday', 1, '16:00:00', '17:00:00', 3, 8, 37, 8, '2025-06-30 12:30:37', '2025-06-30 12:30:37', 4),
(144, 'Sunday', 1, '14:00:00', '15:00:00', 3, 16, 32, 9, '2025-06-30 12:30:37', '2025-06-30 12:30:37', 4),
(145, 'Sunday', 1, '15:00:00', '16:00:00', 3, 16, 32, 9, '2025-06-30 12:30:37', '2025-06-30 12:30:37', 4),
(146, 'Sunday', 1, '16:00:00', '17:00:00', 3, 16, 32, 9, '2025-06-30 12:30:37', '2025-06-30 12:30:37', 4),
(147, 'Sunday', 1, '13:00:00', '14:00:00', 1, 7, 18, 11, '2025-06-30 12:30:37', '2025-06-30 12:30:37', 4),
(148, 'Sunday', 1, '13:00:00', '14:00:00', 2, 7, 18, 11, '2025-06-30 12:30:37', '2025-06-30 12:30:37', 4),
(149, 'Sunday', 1, '14:00:00', '15:00:00', 1, 7, 18, 11, '2025-06-30 12:30:37', '2025-06-30 12:30:37', 4),
(150, 'Sunday', 1, '14:00:00', '15:00:00', 2, 7, 18, 11, '2025-06-30 12:30:37', '2025-06-30 12:30:37', 4),
(151, 'Sunday', 1, '15:00:00', '16:00:00', 1, 7, 18, 11, '2025-06-30 12:30:37', '2025-06-30 12:30:37', 4),
(152, 'Sunday', 1, '15:00:00', '16:00:00', 2, 7, 18, 11, '2025-06-30 12:30:37', '2025-06-30 12:30:37', 4),
(153, 'Sunday', 2, '11:00:00', '12:00:00', 1, 9, 20, 10, '2025-06-30 12:30:37', '2025-06-30 12:30:37', 4),
(154, 'Sunday', 2, '12:00:00', '13:00:00', 1, 9, 20, 10, '2025-06-30 12:30:37', '2025-06-30 12:30:37', 4),
(155, 'Sunday', 2, '13:00:00', '14:00:00', 1, 9, 20, 10, '2025-06-30 12:30:37', '2025-06-30 12:30:37', 4),
(156, 'Saturday', 1, '08:00:00', '09:00:00', 3, 8, 21, 8, '2025-06-30 12:30:37', '2025-06-30 12:30:37', 4),
(157, 'Saturday', 1, '09:00:00', '10:00:00', 3, 8, 21, 8, '2025-06-30 12:30:37', '2025-06-30 12:30:37', 4),
(158, 'Saturday', 1, '10:00:00', '11:00:00', 3, 8, 21, 8, '2025-06-30 12:30:37', '2025-06-30 12:30:37', 4),
(159, 'Friday', 2, '15:00:00', '16:00:00', 1, 9, 22, 7, '2025-06-30 12:30:37', '2025-06-30 12:30:37', 4),
(160, 'Friday', 2, '16:00:00', '17:00:00', 1, 9, 22, 7, '2025-06-30 12:30:37', '2025-06-30 12:30:37', 4),
(161, 'Friday', 2, '17:00:00', '18:00:00', 1, 9, 22, 7, '2025-06-30 12:30:37', '2025-06-30 12:30:37', 4),
(162, 'Sunday', 3, '15:00:00', '16:00:00', 1, 10, 23, 6, '2025-06-30 12:30:37', '2025-06-30 12:30:37', 4),
(163, 'Sunday', 3, '15:00:00', '16:00:00', 3, 10, 23, 6, '2025-06-30 12:30:37', '2025-06-30 12:30:37', 4),
(164, 'Sunday', 3, '16:00:00', '17:00:00', 1, 10, 23, 6, '2025-06-30 12:30:37', '2025-06-30 12:30:37', 4),
(165, 'Sunday', 3, '16:00:00', '17:00:00', 3, 10, 23, 6, '2025-06-30 12:30:37', '2025-06-30 12:30:37', 4),
(166, 'Sunday', 3, '17:00:00', '18:00:00', 1, 10, 23, 6, '2025-06-30 12:30:37', '2025-06-30 12:30:37', 4),
(167, 'Sunday', 3, '17:00:00', '18:00:00', 3, 10, 23, 6, '2025-06-30 12:30:37', '2025-06-30 12:30:37', 4),
(168, 'Friday', 3, '10:00:00', '11:00:00', 1, 10, 15, 6, '2025-06-30 12:30:37', '2025-06-30 12:30:37', 4),
(169, 'Friday', 3, '10:00:00', '11:00:00', 3, 10, 15, 6, '2025-06-30 12:30:37', '2025-06-30 12:30:37', 4),
(170, 'Friday', 3, '11:00:00', '12:00:00', 1, 10, 15, 6, '2025-06-30 12:30:37', '2025-06-30 12:30:37', 4),
(171, 'Friday', 3, '11:00:00', '12:00:00', 3, 10, 15, 6, '2025-06-30 12:30:37', '2025-06-30 12:30:37', 4),
(172, 'Friday', 3, '12:00:00', '13:00:00', 1, 10, 15, 6, '2025-06-30 12:30:37', '2025-06-30 12:30:37', 4),
(173, 'Friday', 3, '12:00:00', '13:00:00', 3, 10, 15, 6, '2025-06-30 12:30:37', '2025-06-30 12:30:37', 4),
(174, 'Sunday', 3, '12:00:00', '13:00:00', 1, 11, 25, 12, '2025-06-30 12:30:37', '2025-06-30 12:30:37', 4),
(175, 'Sunday', 3, '12:00:00', '13:00:00', 3, 11, 25, 12, '2025-06-30 12:30:37', '2025-06-30 12:30:37', 4),
(176, 'Sunday', 3, '13:00:00', '14:00:00', 1, 11, 25, 12, '2025-06-30 12:30:37', '2025-06-30 12:30:37', 4),
(177, 'Sunday', 3, '13:00:00', '14:00:00', 3, 11, 25, 12, '2025-06-30 12:30:37', '2025-06-30 12:30:37', 4),
(178, 'Sunday', 3, '14:00:00', '15:00:00', 1, 11, 25, 12, '2025-06-30 12:30:37', '2025-06-30 12:30:37', 4),
(179, 'Sunday', 3, '14:00:00', '15:00:00', 3, 11, 25, 12, '2025-06-30 12:30:37', '2025-06-30 12:30:37', 4),
(180, 'Friday', 4, '14:00:00', '15:00:00', 1, 12, 27, 11, '2025-06-30 12:30:37', '2025-06-30 12:30:37', 4),
(181, 'Friday', 4, '14:00:00', '15:00:00', 3, 12, 27, 11, '2025-06-30 12:30:37', '2025-06-30 12:30:37', 4),
(182, 'Friday', 4, '15:00:00', '16:00:00', 1, 12, 27, 11, '2025-06-30 12:30:37', '2025-06-30 12:30:37', 4),
(183, 'Friday', 4, '15:00:00', '16:00:00', 3, 12, 27, 11, '2025-06-30 12:30:37', '2025-06-30 12:30:37', 4),
(184, 'Friday', 4, '16:00:00', '17:00:00', 1, 12, 27, 11, '2025-06-30 12:30:37', '2025-06-30 12:30:37', 4),
(185, 'Friday', 4, '16:00:00', '17:00:00', 3, 12, 27, 11, '2025-06-30 12:30:37', '2025-06-30 12:30:37', 4),
(186, 'Sunday', 4, '13:00:00', '14:00:00', 1, 13, 28, 7, '2025-06-30 12:30:37', '2025-06-30 12:30:37', 4),
(187, 'Sunday', 4, '13:00:00', '14:00:00', 3, 13, 28, 7, '2025-06-30 12:30:37', '2025-06-30 12:30:37', 4),
(188, 'Sunday', 4, '14:00:00', '15:00:00', 1, 13, 28, 7, '2025-06-30 12:30:37', '2025-06-30 12:30:37', 4),
(189, 'Sunday', 4, '14:00:00', '15:00:00', 3, 13, 28, 7, '2025-06-30 12:30:37', '2025-06-30 12:30:37', 4),
(190, 'Sunday', 4, '15:00:00', '16:00:00', 1, 13, 28, 7, '2025-06-30 12:30:37', '2025-06-30 12:30:37', 4),
(191, 'Sunday', 4, '15:00:00', '16:00:00', 3, 13, 28, 7, '2025-06-30 12:30:37', '2025-06-30 12:30:37', 4),
(192, 'Sunday', 4, '16:00:00', '17:00:00', 1, 13, 28, 7, '2025-06-30 12:30:37', '2025-06-30 12:30:37', 4),
(193, 'Sunday', 4, '16:00:00', '17:00:00', 3, 13, 28, 7, '2025-06-30 12:30:37', '2025-06-30 12:30:37', 4),
(194, 'Saturday', 4, '15:00:00', '16:00:00', 1, 14, 29, 7, '2025-06-30 12:30:37', '2025-06-30 12:30:37', 4),
(195, 'Saturday', 4, '15:00:00', '16:00:00', 3, 14, 29, 7, '2025-06-30 12:30:37', '2025-06-30 12:30:37', 4),
(196, 'Saturday', 4, '16:00:00', '17:00:00', 1, 14, 29, 7, '2025-06-30 12:30:37', '2025-06-30 12:30:37', 4),
(197, 'Saturday', 4, '16:00:00', '17:00:00', 3, 14, 29, 7, '2025-06-30 12:30:37', '2025-06-30 12:30:37', 4),
(198, 'Saturday', 4, '17:00:00', '18:00:00', 1, 14, 29, 7, '2025-06-30 12:30:37', '2025-06-30 12:30:37', 4),
(199, 'Saturday', 4, '17:00:00', '18:00:00', 3, 14, 29, 7, '2025-06-30 12:30:37', '2025-06-30 12:30:37', 4),
(200, 'Friday', 1, '14:00:00', '15:00:00', 3, 17, 33, 6, '2025-06-30 12:30:37', '2025-06-30 12:30:37', 4),
(201, 'Friday', 1, '15:00:00', '16:00:00', 3, 17, 33, 6, '2025-06-30 12:30:37', '2025-06-30 12:30:37', 4),
(202, 'Friday', 1, '16:00:00', '17:00:00', 3, 17, 33, 6, '2025-06-30 12:30:37', '2025-06-30 12:30:37', 4);

-- --------------------------------------------------------

--
-- Table structure for table `schedule_versions`
--

CREATE TABLE `schedule_versions` (
  `id` bigint(20) UNSIGNED NOT NULL,
  `label` varchar(255) NOT NULL,
  `is_published` tinyint(1) NOT NULL DEFAULT 0,
  `generated_at` timestamp NOT NULL DEFAULT current_timestamp() ON UPDATE current_timestamp()
) ENGINE=InnoDB DEFAULT CHARSET=utf8mb4 COLLATE=utf8mb4_unicode_ci;

--
-- Dumping data for table `schedule_versions`
--

INSERT INTO `schedule_versions` (`id`, `label`, `is_published`, `generated_at`) VALUES
(4, 'First Draft', 1, '2025-06-30 14:30:48');

-- --------------------------------------------------------

--
-- Table structure for table `sessions`
--

CREATE TABLE `sessions` (
  `id` varchar(255) NOT NULL,
  `user_id` bigint(20) UNSIGNED DEFAULT NULL,
  `ip_address` varchar(45) DEFAULT NULL,
  `user_agent` text DEFAULT NULL,
  `payload` longtext NOT NULL,
  `last_activity` int(11) NOT NULL
) ENGINE=InnoDB DEFAULT CHARSET=utf8mb4 COLLATE=utf8mb4_unicode_ci;

--
-- Dumping data for table `sessions`
--

INSERT INTO `sessions` (`id`, `user_id`, `ip_address`, `user_agent`, `payload`, `last_activity`) VALUES
('6l8ywKyqlMUbMj0sTLp2MdgGnTpnniUKT2YRJQ1V', 1, '127.0.0.1', 'Mozilla/5.0 (X11; Linux x86_64) AppleWebKit/537.36 (KHTML, like Gecko) Chrome/138.0.0.0 Safari/537.36', 'YTo1OntzOjY6Il90b2tlbiI7czo0MDoiWUNJdjNXM1FsSEJ3T01KQWRueENvV0J2VzR5MUkxUVRyT09FOUJ6RSI7czo5OiJfcHJldmlvdXMiO2E6MTp7czozOiJ1cmwiO3M6NDA6Imh0dHA6Ly8xMjcuMC4wLjE6ODAwMC90aW1ldGFibGUvZ2VuZXJhdGUiO31zOjY6Il9mbGFzaCI7YToyOntzOjM6Im9sZCI7YTowOnt9czozOiJuZXciO2E6MDp7fX1zOjUwOiJsb2dpbl93ZWJfNTliYTM2YWRkYzJiMmY5NDAxNTgwZjAxNGM3ZjU4ZWE0ZTMwOTg5ZCI7aToxO3M6MTI6ImN1cnJlbnRfcm9sZSI7czo1OiJBZG1pbiI7fQ==', 1751295275);

-- --------------------------------------------------------

--
-- Table structure for table `settings`
--

CREATE TABLE `settings` (
  `id` bigint(20) UNSIGNED NOT NULL,
  `key` varchar(255) NOT NULL,
  `value` varchar(255) NOT NULL,
  `created_at` timestamp NULL DEFAULT NULL,
  `updated_at` timestamp NULL DEFAULT NULL
) ENGINE=InnoDB DEFAULT CHARSET=utf8mb4 COLLATE=utf8mb4_unicode_ci;

--
-- Dumping data for table `settings`
--

INSERT INTO `settings` (`id`, `key`, `value`, `created_at`, `updated_at`) VALUES
(1, 'slot_duration', '60', '2025-06-29 12:52:52', '2025-06-29 19:06:12'),
(2, 'break_duration', '30', '2025-06-29 12:52:52', '2025-06-30 12:28:22'),
(3, 'start_time', '07:00', '2025-06-29 12:52:52', '2025-06-29 18:54:44'),
(4, 'end_time', '18:00', '2025-06-29 12:52:52', '2025-06-29 12:52:52');

-- --------------------------------------------------------

--
-- Table structure for table `students`
--

CREATE TABLE `students` (
  `id` bigint(20) UNSIGNED NOT NULL,
  `level` int(11) NOT NULL,
  `programme_id` bigint(20) UNSIGNED NOT NULL,
  `user_id` bigint(20) UNSIGNED NOT NULL,
  `created_at` timestamp NULL DEFAULT NULL,
  `updated_at` timestamp NULL DEFAULT NULL
) ENGINE=InnoDB DEFAULT CHARSET=utf8mb4 COLLATE=utf8mb4_unicode_ci;

-- --------------------------------------------------------

--
-- Table structure for table `users`
--

CREATE TABLE `users` (
  `id` bigint(20) UNSIGNED NOT NULL,
  `first_name` varchar(255) NOT NULL,
  `last_name` varchar(255) NOT NULL,
  `email` varchar(255) NOT NULL,
  `password` varchar(255) DEFAULT NULL,
  `email_verified_at` timestamp NULL DEFAULT NULL,
  `is_active` tinyint(1) NOT NULL DEFAULT 0,
  `remember_token` varchar(100) DEFAULT NULL,
  `created_at` timestamp NULL DEFAULT NULL,
  `updated_at` timestamp NULL DEFAULT NULL
) ENGINE=InnoDB DEFAULT CHARSET=utf8mb4 COLLATE=utf8mb4_unicode_ci;

--
-- Dumping data for table `users`
--

INSERT INTO `users` (`id`, `first_name`, `last_name`, `email`, `password`, `email_verified_at`, `is_active`, `remember_token`, `created_at`, `updated_at`) VALUES
(1, 'System', 'Admin', 'admin@my.mzuni.ac.mw', '$2y$12$bK7Jt5lH5bWKsggXQ4PBMeScM08jP1JOQdcnx4KeZ6wQ4Q4qJ1kKm', NULL, 1, NULL, '2025-06-29 12:45:20', '2025-06-29 12:46:36'),
(9, 'Ezekiel', 'Namacha', 'ezekiel.namacha@my.mzuni.ac.mw', NULL, '2025-06-30 11:57:57', 0, 'DXnNSV11H7', '2025-06-30 11:57:57', '2025-06-30 11:57:57'),
(10, 'Lome', 'Longwe', 'lome.longwe@my.mzuni.ac.mw', NULL, '2025-06-30 11:57:57', 0, 'NJxYz7Bkai', '2025-06-30 11:57:57', '2025-06-30 11:57:57'),
(11, 'Chimango', 'Nyasulu', 'chimango.nyasulu@my.mzuni.ac.mw', NULL, '2025-06-30 11:57:58', 0, 'veu2LAottX', '2025-06-30 11:57:58', '2025-06-30 11:57:58'),
(12, 'Seyani', 'Nayeja', 'seyani.nayeja@my.mzuni.ac.mw', NULL, '2025-06-30 11:57:58', 0, 'devPGNUdwW', '2025-06-30 11:57:58', '2025-06-30 11:57:58'),
(13, 'Precious', 'Msonda', 'precious.msonda@my.mzuni.ac.mw', NULL, '2025-06-30 11:57:58', 0, 'Avo7HfdhPG', '2025-06-30 11:57:58', '2025-06-30 11:57:58'),
(14, 'Blessings', 'Ngwira', 'blessings.ngwira@my.mzuni.ac.mw', NULL, '2025-06-30 11:57:58', 0, 'VSjJTtG6mu', '2025-06-30 11:57:58', '2025-06-30 11:57:58'),
(15, 'E.', 'Tung\'ande', 'e.tungande@my.mzuni.ac.mw', NULL, '2025-06-30 11:57:58', 0, 'z12QDI6QOr', '2025-06-30 11:57:58', '2025-06-30 11:57:58'),
(16, 'Vision', 'Thondoya', 'vision.thondoya@my.mzuni.ac.mw', NULL, '2025-06-30 11:57:58', 0, 'dDjNs4DV8A', '2025-06-30 11:57:58', '2025-06-30 11:57:58'),
(17, 'Josephy', 'Kumwenda', 'josephy.kumwenda@my.mzuni.ac.mw', NULL, '2025-06-30 11:57:58', 0, 'fzHpe4LgcQ', '2025-06-30 11:57:58', '2025-06-30 11:57:58'),
(18, 'Mr.', 'Nalivata', 'mr.nalivata@my.mzuni.ac.mw', NULL, '2025-06-30 11:57:58', 0, 'VruYG1ZkzG', '2025-06-30 11:57:58', '2025-06-30 11:57:58'),
(19, 'Stanley', 'Ndebvu', 'stanley.ndebvu@my.mzuni.ac.mw', NULL, '2025-06-30 11:57:58', 0, 'txr4mbgVvw', '2025-06-30 11:57:58', '2025-06-30 11:57:58'),
(20, 'Dalitso', 'Mwekela', 'mwekela@my.mzuni.ac.mw', NULL, '2025-06-30 11:57:58', 0, 'mCqnQoY1vp', '2025-06-30 11:57:58', '2025-06-30 12:05:38'),
(21, 'Prince', 'Goba', 'prince.goba@my.mzuni.ac.mw', NULL, '2025-06-30 11:57:58', 0, '5bYSZTOEVT', '2025-06-30 11:57:58', '2025-06-30 11:57:58'),
(22, 'Donald', 'Phiri', 'donald.phiri@my.mzuni.ac.mw', NULL, '2025-06-30 11:57:59', 0, 'KcKvsGZ0i0', '2025-06-30 11:57:59', '2025-06-30 11:57:59');

-- --------------------------------------------------------

--
-- Table structure for table `user_roles`
--

CREATE TABLE `user_roles` (
  `user_id` bigint(20) UNSIGNED NOT NULL,
  `role_id` bigint(20) UNSIGNED NOT NULL
) ENGINE=InnoDB DEFAULT CHARSET=utf8mb4 COLLATE=utf8mb4_unicode_ci;

--
-- Dumping data for table `user_roles`
--

INSERT INTO `user_roles` (`user_id`, `role_id`) VALUES
(1, 1),
(1, 4),
(9, 3),
(10, 3),
(11, 3),
(12, 3),
(13, 3),
(14, 3),
(15, 3),
(16, 3),
(17, 3),
(18, 3),
(19, 3),
(20, 3),
(21, 3),
(22, 3);

-- --------------------------------------------------------

--
-- Table structure for table `venues`
--

CREATE TABLE `venues` (
  `id` bigint(20) UNSIGNED NOT NULL,
  `name` varchar(255) NOT NULL,
  `capacity` int(11) NOT NULL,
  `is_lab` tinyint(1) NOT NULL,
  `created_at` timestamp NULL DEFAULT NULL,
  `updated_at` timestamp NULL DEFAULT NULL
) ENGINE=InnoDB DEFAULT CHARSET=utf8mb4 COLLATE=utf8mb4_unicode_ci;

--
-- Dumping data for table `venues`
--

INSERT INTO `venues` (`id`, `name`, `capacity`, `is_lab`, `created_at`, `updated_at`) VALUES
(6, 'English Lecture Room', 60, 0, '2025-06-30 10:23:58', '2025-06-30 10:23:58'),
(7, 'Main Lecture Room', 50, 0, '2025-06-30 10:24:29', '2025-06-30 10:24:29'),
(8, 'ICT LAB 1', 70, 0, '2025-06-30 10:24:45', '2025-06-30 10:24:45'),
(9, 'ICT LAB 2', 60, 0, '2025-06-30 10:24:58', '2025-06-30 10:24:58'),
(10, 'Geography Lecture Room', 80, 0, '2025-06-30 10:25:39', '2025-06-30 10:25:39'),
(11, 'ODEL ROOM A', 70, 0, '2025-06-30 10:25:55', '2025-06-30 10:25:55'),
(12, 'ODEL ROOM B', 70, 0, '2025-06-30 10:26:08', '2025-06-30 10:26:08');

--
-- Indexes for dumped tables
--

--
-- Indexes for table `allocation_programme`
--
ALTER TABLE `allocation_programme`
  ADD PRIMARY KEY (`id`),
  ADD KEY `allocation_programme_allocation_id_foreign` (`allocation_id`),
  ADD KEY `allocation_programme_programme_id_foreign` (`programme_id`);

--
-- Indexes for table `cache`
--
ALTER TABLE `cache`
  ADD PRIMARY KEY (`key`);

--
-- Indexes for table `cache_locks`
--
ALTER TABLE `cache_locks`
  ADD PRIMARY KEY (`key`);

--
-- Indexes for table `constraints`
--
ALTER TABLE `constraints`
  ADD PRIMARY KEY (`id`),
  ADD KEY `constraints_constraintable_type_constraintable_id_index` (`constraintable_type`,`constraintable_id`);

--
-- Indexes for table `courses`
--
ALTER TABLE `courses`
  ADD PRIMARY KEY (`id`),
  ADD KEY `courses_department_id_foreign` (`department_id`);

--
-- Indexes for table `departments`
--
ALTER TABLE `departments`
  ADD PRIMARY KEY (`id`);

--
-- Indexes for table `failed_jobs`
--
ALTER TABLE `failed_jobs`
  ADD PRIMARY KEY (`id`),
  ADD UNIQUE KEY `failed_jobs_uuid_unique` (`uuid`);

--
-- Indexes for table `ga_parameters`
--
ALTER TABLE `ga_parameters`
  ADD PRIMARY KEY (`id`);

--
-- Indexes for table `jobs`
--
ALTER TABLE `jobs`
  ADD PRIMARY KEY (`id`),
  ADD KEY `jobs_queue_index` (`queue`);

--
-- Indexes for table `job_batches`
--
ALTER TABLE `job_batches`
  ADD PRIMARY KEY (`id`);

--
-- Indexes for table `lecturers`
--
ALTER TABLE `lecturers`
  ADD PRIMARY KEY (`id`),
  ADD KEY `lecturers_user_id_foreign` (`user_id`),
  ADD KEY `lecturers_department_id_foreign` (`department_id`);

--
-- Indexes for table `lecturer_course_allocations`
--
ALTER TABLE `lecturer_course_allocations`
  ADD PRIMARY KEY (`id`),
  ADD KEY `lecturer_course_allocations_course_id_foreign` (`course_id`),
  ADD KEY `lecturer_course_allocations_lecturer_id_foreign` (`lecturer_id`);

--
-- Indexes for table `migrations`
--
ALTER TABLE `migrations`
  ADD PRIMARY KEY (`id`);

--
-- Indexes for table `password_reset_tokens`
--
ALTER TABLE `password_reset_tokens`
  ADD PRIMARY KEY (`email`);

--
-- Indexes for table `programmes`
--
ALTER TABLE `programmes`
  ADD PRIMARY KEY (`id`),
  ADD KEY `programmes_department_id_foreign` (`department_id`);

--
-- Indexes for table `roles`
--
ALTER TABLE `roles`
  ADD PRIMARY KEY (`id`);

--
-- Indexes for table `schedule_days`
--
ALTER TABLE `schedule_days`
  ADD PRIMARY KEY (`id`),
  ADD UNIQUE KEY `schedule_days_name_unique` (`name`);

--
-- Indexes for table `schedule_entries`
--
ALTER TABLE `schedule_entries`
  ADD PRIMARY KEY (`id`),
  ADD KEY `schedule_entries_programme_id_foreign` (`programme_id`),
  ADD KEY `schedule_entries_lecturer_id_foreign` (`lecturer_id`),
  ADD KEY `schedule_entries_course_id_foreign` (`course_id`),
  ADD KEY `schedule_entries_venue_id_foreign` (`venue_id`),
  ADD KEY `schedule_entries_schedule_version_id_foreign` (`schedule_version_id`);

--
-- Indexes for table `schedule_versions`
--
ALTER TABLE `schedule_versions`
  ADD PRIMARY KEY (`id`);

--
-- Indexes for table `sessions`
--
ALTER TABLE `sessions`
  ADD PRIMARY KEY (`id`),
  ADD KEY `sessions_user_id_index` (`user_id`),
  ADD KEY `sessions_last_activity_index` (`last_activity`);

--
-- Indexes for table `settings`
--
ALTER TABLE `settings`
  ADD PRIMARY KEY (`id`),
  ADD UNIQUE KEY `settings_key_unique` (`key`);

--
-- Indexes for table `students`
--
ALTER TABLE `students`
  ADD PRIMARY KEY (`id`),
  ADD UNIQUE KEY `students_user_id_unique` (`user_id`),
  ADD KEY `students_programme_id_foreign` (`programme_id`);

--
-- Indexes for table `users`
--
ALTER TABLE `users`
  ADD PRIMARY KEY (`id`),
  ADD UNIQUE KEY `users_email_unique` (`email`);

--
-- Indexes for table `user_roles`
--
ALTER TABLE `user_roles`
  ADD KEY `user_roles_user_id_foreign` (`user_id`),
  ADD KEY `user_roles_role_id_foreign` (`role_id`);

--
-- Indexes for table `venues`
--
ALTER TABLE `venues`
  ADD PRIMARY KEY (`id`);

--
-- AUTO_INCREMENT for dumped tables
--

--
-- AUTO_INCREMENT for table `allocation_programme`
--
ALTER TABLE `allocation_programme`
  MODIFY `id` bigint(20) UNSIGNED NOT NULL AUTO_INCREMENT, AUTO_INCREMENT=40;

--
-- AUTO_INCREMENT for table `constraints`
--
ALTER TABLE `constraints`
  MODIFY `id` bigint(20) UNSIGNED NOT NULL AUTO_INCREMENT, AUTO_INCREMENT=13;

--
-- AUTO_INCREMENT for table `courses`
--
ALTER TABLE `courses`
  MODIFY `id` bigint(20) UNSIGNED NOT NULL AUTO_INCREMENT, AUTO_INCREMENT=38;

--
-- AUTO_INCREMENT for table `departments`
--
ALTER TABLE `departments`
  MODIFY `id` bigint(20) UNSIGNED NOT NULL AUTO_INCREMENT, AUTO_INCREMENT=4;

--
-- AUTO_INCREMENT for table `failed_jobs`
--
ALTER TABLE `failed_jobs`
  MODIFY `id` bigint(20) UNSIGNED NOT NULL AUTO_INCREMENT, AUTO_INCREMENT=19;

--
-- AUTO_INCREMENT for table `ga_parameters`
--
ALTER TABLE `ga_parameters`
  MODIFY `id` bigint(20) UNSIGNED NOT NULL AUTO_INCREMENT, AUTO_INCREMENT=2;

--
-- AUTO_INCREMENT for table `jobs`
--
ALTER TABLE `jobs`
  MODIFY `id` bigint(20) UNSIGNED NOT NULL AUTO_INCREMENT, AUTO_INCREMENT=32;

--
-- AUTO_INCREMENT for table `lecturers`
--
ALTER TABLE `lecturers`
  MODIFY `id` bigint(20) UNSIGNED NOT NULL AUTO_INCREMENT, AUTO_INCREMENT=19;

--
-- AUTO_INCREMENT for table `lecturer_course_allocations`
--
ALTER TABLE `lecturer_course_allocations`
  MODIFY `id` bigint(20) UNSIGNED NOT NULL AUTO_INCREMENT, AUTO_INCREMENT=22;

--
-- AUTO_INCREMENT for table `migrations`
--
ALTER TABLE `migrations`
  MODIFY `id` int(10) UNSIGNED NOT NULL AUTO_INCREMENT, AUTO_INCREMENT=21;

--
-- AUTO_INCREMENT for table `programmes`
--
ALTER TABLE `programmes`
  MODIFY `id` bigint(20) UNSIGNED NOT NULL AUTO_INCREMENT, AUTO_INCREMENT=7;

--
-- AUTO_INCREMENT for table `roles`
--
ALTER TABLE `roles`
  MODIFY `id` bigint(20) UNSIGNED NOT NULL AUTO_INCREMENT, AUTO_INCREMENT=5;

--
-- AUTO_INCREMENT for table `schedule_days`
--
ALTER TABLE `schedule_days`
  MODIFY `id` bigint(20) UNSIGNED NOT NULL AUTO_INCREMENT, AUTO_INCREMENT=8;

--
-- AUTO_INCREMENT for table `schedule_entries`
--
ALTER TABLE `schedule_entries`
  MODIFY `id` bigint(20) UNSIGNED NOT NULL AUTO_INCREMENT, AUTO_INCREMENT=203;

--
-- AUTO_INCREMENT for table `schedule_versions`
--
ALTER TABLE `schedule_versions`
  MODIFY `id` bigint(20) UNSIGNED NOT NULL AUTO_INCREMENT, AUTO_INCREMENT=5;

--
-- AUTO_INCREMENT for table `settings`
--
ALTER TABLE `settings`
  MODIFY `id` bigint(20) UNSIGNED NOT NULL AUTO_INCREMENT, AUTO_INCREMENT=5;

--
-- AUTO_INCREMENT for table `students`
--
ALTER TABLE `students`
  MODIFY `id` bigint(20) UNSIGNED NOT NULL AUTO_INCREMENT, AUTO_INCREMENT=2;

--
-- AUTO_INCREMENT for table `users`
--
ALTER TABLE `users`
  MODIFY `id` bigint(20) UNSIGNED NOT NULL AUTO_INCREMENT, AUTO_INCREMENT=23;

--
-- AUTO_INCREMENT for table `venues`
--
ALTER TABLE `venues`
  MODIFY `id` bigint(20) UNSIGNED NOT NULL AUTO_INCREMENT, AUTO_INCREMENT=13;

--
-- Constraints for dumped tables
--

--
-- Constraints for table `allocation_programme`
--
ALTER TABLE `allocation_programme`
  ADD CONSTRAINT `allocation_programme_allocation_id_foreign` FOREIGN KEY (`allocation_id`) REFERENCES `lecturer_course_allocations` (`id`) ON DELETE CASCADE,
  ADD CONSTRAINT `allocation_programme_programme_id_foreign` FOREIGN KEY (`programme_id`) REFERENCES `programmes` (`id`) ON DELETE CASCADE;

--
-- Constraints for table `courses`
--
ALTER TABLE `courses`
  ADD CONSTRAINT `courses_department_id_foreign` FOREIGN KEY (`department_id`) REFERENCES `departments` (`id`) ON DELETE CASCADE;

--
-- Constraints for table `lecturers`
--
ALTER TABLE `lecturers`
  ADD CONSTRAINT `lecturers_department_id_foreign` FOREIGN KEY (`department_id`) REFERENCES `departments` (`id`) ON DELETE CASCADE,
  ADD CONSTRAINT `lecturers_user_id_foreign` FOREIGN KEY (`user_id`) REFERENCES `users` (`id`) ON DELETE CASCADE;

--
-- Constraints for table `lecturer_course_allocations`
--
ALTER TABLE `lecturer_course_allocations`
  ADD CONSTRAINT `lecturer_course_allocations_course_id_foreign` FOREIGN KEY (`course_id`) REFERENCES `courses` (`id`) ON DELETE CASCADE,
  ADD CONSTRAINT `lecturer_course_allocations_lecturer_id_foreign` FOREIGN KEY (`lecturer_id`) REFERENCES `lecturers` (`id`) ON DELETE CASCADE;

--
-- Constraints for table `programmes`
--
ALTER TABLE `programmes`
  ADD CONSTRAINT `programmes_department_id_foreign` FOREIGN KEY (`department_id`) REFERENCES `departments` (`id`) ON DELETE CASCADE;

--
-- Constraints for table `schedule_entries`
--
ALTER TABLE `schedule_entries`
  ADD CONSTRAINT `schedule_entries_course_id_foreign` FOREIGN KEY (`course_id`) REFERENCES `courses` (`id`) ON DELETE CASCADE,
  ADD CONSTRAINT `schedule_entries_lecturer_id_foreign` FOREIGN KEY (`lecturer_id`) REFERENCES `lecturers` (`id`) ON DELETE CASCADE,
  ADD CONSTRAINT `schedule_entries_programme_id_foreign` FOREIGN KEY (`programme_id`) REFERENCES `programmes` (`id`) ON DELETE CASCADE,
  ADD CONSTRAINT `schedule_entries_schedule_version_id_foreign` FOREIGN KEY (`schedule_version_id`) REFERENCES `schedule_versions` (`id`) ON DELETE CASCADE,
  ADD CONSTRAINT `schedule_entries_venue_id_foreign` FOREIGN KEY (`venue_id`) REFERENCES `venues` (`id`) ON DELETE CASCADE;

--
-- Constraints for table `students`
--
ALTER TABLE `students`
  ADD CONSTRAINT `students_programme_id_foreign` FOREIGN KEY (`programme_id`) REFERENCES `programmes` (`id`) ON DELETE CASCADE,
  ADD CONSTRAINT `students_user_id_foreign` FOREIGN KEY (`user_id`) REFERENCES `users` (`id`) ON DELETE CASCADE;

--
-- Constraints for table `user_roles`
--
ALTER TABLE `user_roles`
  ADD CONSTRAINT `user_roles_role_id_foreign` FOREIGN KEY (`role_id`) REFERENCES `roles` (`id`) ON DELETE CASCADE,
  ADD CONSTRAINT `user_roles_user_id_foreign` FOREIGN KEY (`user_id`) REFERENCES `users` (`id`) ON DELETE CASCADE;
COMMIT;

/*!40101 SET CHARACTER_SET_CLIENT=@OLD_CHARACTER_SET_CLIENT */;
/*!40101 SET CHARACTER_SET_RESULTS=@OLD_CHARACTER_SET_RESULTS */;
/*!40101 SET COLLATION_CONNECTION=@OLD_COLLATION_CONNECTION */;
